SPEC,TYPE,TYPE_CODE,ORDER,DESCRIPTION,SHORT_DESCRIPTION,FIRST_SIZE,FIRST_SIZE_NUMBER,SECOND_SIZE,SECOND_SIZE_NUMBER,SCH,FACE,RATING,WEIGHT,AREA,TAG,SUPPLY_DESCRIPTION,MANUFACTURING_DESCRIPTION,ERECTION_DESCRIPTION,DEMOLITION_DESCRIPTION
CS1SC2,PP,PE,1,"ASTM A53 Gr.B, Seamless, ASME B36.10, PE","PIPE, SEAMLESS, CS, ASTM A53 Gr.B, ASME B36.10, PE, SCH 160","1/2""",0.5,-,-,160,PE,-,1.95,21.3,-,-,-,-,-
CS1SC2,PP,PE,1,"ASTM A53 Gr.B, Seamless, ASME B36.10, PE","PIPE, SEAMLESS, CS, ASTM A53 Gr.B, ASME B36.10, PE, SCH 80","3/4""",0.75,-,-,80,PE,-,2.2,26.7,-,-,-,-,-
CS1SC2,PP,PE,1,"ASTM A53 Gr.B, Seamless, ASME B36.10, PE","PIPE, SEAMLESS, CS, ASTM A53 Gr.B, ASME B36.10, PE, SCH 80","1""",1,-,-,80,PE,-,3.24,33.4,-,-,-,-,-
CS1SC2,PP,PE,1,"ASTM A53 Gr.B, Seamless, ASME B36.10, PE","PIPE, SEAMLESS, CS, ASTM A53 Gr.B, ASME B36.10, PE, SCH 80","1-1/2""",1.5,-,-,80,PE,-,5.41,48.3,-,-,-,-,-
CS1SC2,PP,BE,1,"ASTM A53 Gr.B, Seamless, ASME B36.10, BE Seamless, ASME B36.10, BE, Coating: Single Fusion Bonded Epoxy.","PIPE, SEAMLESS, CS, ASTM A53 Gr.B, ASME B36.10, BE, SCH 80","2""",2,-,-,80,BE,-,7.48,60.3,-,-,-,-,-
CS1SC2,PP,BE,1,"ASTM A53 Gr.B, Seamless, ASME B36.10, BE Seamless, ASME B36.10, BE, Coating: Single Fusion Bonded Epoxy.""","PIPE, SEAMLESS, CS, ASTM A53 Gr.B, ASME B36.10, BE, SCH 30","2-1/2""",2.5,-,-,30,BE,-,8.04,60.3,-,-,-,-,-
CS1SC2,PP,BE,1,"ASTM A53 Gr.B, Seamless, ASME B36.10, BE Seamless, ASME B36.10, BE, Coating: Single Fusion Bonded Epoxy.""","PIPE, SEAMLESS, CS, ASTM A53 Gr.B, ASME B36.10, BE, SCH 30","3""",3,-,-,30,BE,-,9.92,88.9,-,-,-,-,-
CS1SC2,PP,BE,1,"ASTM A53 Gr.B, Seamless, ASME B36.10, BE Seamless, ASME B36.10, BE, Coating: Single Fusion Bonded Epoxy.""","PIPE, SEAMLESS, CS, ASTM A53 Gr.B, ASME B36.10, BE, SCH 30","4""",4,-,-,30,BE,-,12.91,114.3,-,-,-,-,-
CS1SC2,PP,BE,1,"ASTM A53 Gr.B, Seamless, ASME B36.10, BE Seamless, ASME B36.10, BE, Coating: Single Fusion Bonded Epoxy.""","PIPE, SEAMLESS, CS, ASTM A53 Gr.B, ASME B36.10, BE, SCH 40","6""",6,-,-,40,BE,-,28.26,168.3,-,-,-,-,-
CS1SC2,PP,BE,1,"ASTM A53 Gr.B, Seamless, ASME B36.10, BE Seamless, ASME B36.10, BE, Coating: Single Fusion Bonded Epoxy.""","PIPE, SEAMLESS, CS, ASTM A53 Gr.B, ASME B36.10, BE, SCH 20","8""",8,-,-,20,BE,-,33.32,219.1,-,-,-,-,-
CS1SC2,PP,BE,1,"ASTM A53 Gr.B, Seamless, ASME B36.10, BE Seamless, ASME B36.10, BE, Coating: Single Fusion Bonded Epoxy.""","PIPE, SEAMLESS, CS, ASTM A53 Gr.B, ASME B36.10, BE, SCH 20","10""",10,-,-,20,BE,-,41.76,273.1,-,-,-,-,-
CS1SC2,PP,BE,1,"ASTM A53 Gr.B, Seamless, ASME B36.10, BE Seamless, ASME B36.10, BE, Coating: Single Fusion Bonded Epoxy.""","PIPE, SEAMLESS, CS, ASTM A53 Gr.B, ASME B36.10, BE, SCH 20","12""",12,-,-,20,BE,-,49.71,323.9,-,-,-,-,-
CS1SC2,FL,SW,3,"ASTM A105, Socketweld Flange, ASME B16.5, FF/SW End","SOCKETWELD FLANGE, CS, ASTM A105, ASME B16.5, CLASS 150, FF","1/2""",0.5,-,-,-,FF,150,0.8,0,-,-,-,-,-
CS1SC2,FL,SW,3,"ASTM A105, Socketweld Flange, ASME B16.5, FF/SW End","SOCKETWELD FLANGE, CS, ASTM A105, ASME B16.5, CLASS 150, FF","3/4""",0.75,-,-,-,FF,150,0.9,0,-,-,-,-,-
CS1SC2,FL,SW,3,"ASTM A105, Socketweld Flange, ASME B16.5, FF/SW End","SOCKETWELD FLANGE, CS, ASTM A105, ASME B16.5, CLASS 150, FF","1""",1,-,-,-,FF,150,0.9,0,-,-,-,-,-
CS1SC2,FL,SW,3,"ASTM A105, Socketweld Flange, ASME B16.5, FF/SW End","SOCKETWELD FLANGE, CS, ASTM A105, ASME B16.5, CLASS 150, FF","1-1/2""",1.5,-,-,-,FF,150,1.4,0,-,-,-,-,-
CS1SC2,FL,WNK,3,"ASTM A105, Weldneck Flange, ASME B16.5,
FF/BW End","WELD NECK FLANGE, CS, ASTM A105, ASME B16.5, CLASS 150, FF, SCH 80","2""",2,-,-,80,FF,150,2.55,0,-,-,-,-,-
CS1SC2,FL,WNK,3,"ASTM A105, Weldneck Flange, ASME B16.5,
FF/BW End","WELD NECK FLANGE, CS, ASTM A105, ASME B16.5, CLASS 150, FF, SCH 30","2-1/2""",2.5,-,-,30,FF,150,4.97,0,-,-,-,-,-
CS1SC2,FL,WNK,3,"ASTM A105, Weldneck Flange, ASME B16.5,
FF/BW End","WELD NECK FLANGE, CS, ASTM A105, ASME B16.5, CLASS 150, FF, SCH 30","3""",3,-,-,30,FF,150,4.97,0,-,-,-,-,-
CS1SC2,FL,WNK,3,"ASTM A105, Weldneck Flange, ASME B16.5,
FF/BW End","WELD NECK FLANGE, CS, ASTM A105, ASME B16.5, CLASS 150, FF, SCH 30","4""",4,-,-,30,FF,150,7.11,0,-,-,-,-,-
CS1SC2,FL,WNK,3,"ASTM A105, Weldneck Flange, ASME B16.5,
FF/BW End","WELD NECK FLANGE, CS, ASTM A105, ASME B16.5, CLASS 150, FF, SCH 40","6""",6,-,-,40,FF,150,10.91,0,-,-,-,-,-
CS1SC2,FL,WNK,3,"ASTM A105, Weldneck Flange, ASME B16.5,
FF/BW End","WELD NECK FLANGE, CS, ASTM A105, ASME B16.5, CLASS 150, FF, SCH 20","8""",8,-,-,20,FF,150,17.3,0,-,-,-,-,-
CS1SC2,FL,WNK,3,"ASTM A105, Weldneck Flange, ASME B16.5,
FF/BW End","WELD NECK FLANGE, CS, ASTM A105, ASME B16.5, CLASS 150, FF, SCH 20","10""",10,-,-,20,FF,150,23.57,0,-,-,-,-,-
CS1SC2,FL,WNK,3,"ASTM A105, Weldneck Flange, ASME B16.5,
FF/BW End","WELD NECK FLANGE, CS, ASTM A105, ASME B16.5, CLASS 150, FF, SCH 20","12""",12,-,-,20,FF,150,37.42,0,-,-,-,-,-
CS1SC2,FL,BLD,3,"ASTM A105, Blind Flange, ASME B16.5, FF","BLIND FLANGE, CS, ASTM A105, ASME B16.5, CLASS 150, FF","1/2""",0.5,-,-,-,FF,150,0.9,0,-,-,-,-,-
CS1SC2,FL,BLD,3,"ASTM A105, Blind Flange, ASME B16.5, FF","BLIND FLANGE, CS, ASTM A105, ASME B16.5, CLASS 150, FF","3/4""",0.75,-,-,-,FF,150,0.9,0,-,-,-,-,-
CS1SC2,FL,BLD,3,"ASTM A105, Blind Flange, ASME B16.5, FF","BLIND FLANGE, CS, ASTM A105, ASME B16.5, CLASS 150, FF","1""",1,-,-,-,FF,150,0.9,0,-,-,-,-,-
CS1SC2,FL,BLD,3,"ASTM A105, Blind Flange, ASME B16.5, FF","BLIND FLANGE, CS, ASTM A105, ASME B16.5, CLASS 150, FF","1-1/2""",1.5,-,-,-,FF,150,1.8,0,-,-,-,-,-
CS1SC2,FL,BLD,3,"ASTM A105, Blind Flange, ASME B16.5, FF","BLIND FLANGE, CS, ASTM A105, ASME B16.5, CLASS 150, FF","2""",2,-,-,-,FF,150,2.3,0,-,-,-,-,-
CS1SC2,FL,BLD,3,"ASTM A105, Blind Flange, ASME B16.5, FF","BLIND FLANGE, CS, ASTM A105, ASME B16.5, CLASS 150, FF","3""",3,-,-,-,FF,150,4.1,0,-,-,-,-,-
CS1SC2,FL,BLD,3,"ASTM A105, Blind Flange, ASME B16.5, FF","BLIND FLANGE, CS, ASTM A105, ASME B16.5, CLASS 150, FF","4""",4,-,-,-,FF,150,7.7,0,-,-,-,-,-
CS1SC2,FL,BLD,3,"ASTM A105, Blind Flange, ASME B16.5, FF","BLIND FLANGE, CS, ASTM A105, ASME B16.5, CLASS 150, FF","6""",6,-,-,-,FF,150,11.8,0,-,-,-,-,-
CS1SC2,FL,BLD,3,"ASTM A105, Blind Flange, ASME B16.5, FF","BLIND FLANGE, CS, ASTM A105, ASME B16.5, CLASS 150, FF","8""",8,-,-,-,FF,150,20.5,0,-,-,-,-,-
CS1SC2,FL,BLD,3,"ASTM A105, Blind Flange, ASME B16.5, FF","BLIND FLANGE, CS, ASTM A105, ASME B16.5, CLASS 150, FF","10""",10,-,-,-,FF,150,32,0,-,-,-,-,-
CS1SC2,FL,BLD,3,"ASTM A105, Blind Flange, ASME B16.5, FF","BLIND FLANGE, CS, ASTM A105, ASME B16.5, CLASS 150, FF","12""",12,-,-,-,FF,150,50,0,-,-,-,-,-
CS1SC2,FT,45L,2,-,-,"1/2""",0.5,-,-,-,SW,6000,0,0,-,-,-,-,-
CS1SC2,FT,45L,2,-,-,"3/4""",0.75,-,-,-,SW,3000,0.21,0,-,-,-,-,-
CS1SC2,FT,45L,2,-,-,"1""",1,-,-,-,SW,3000,0.34,0,-,-,-,-,-
CS1SC2,FT,45L,2,-,-,"1-1/2""",1.5,-,-,-,SW,3000,0.86,0,-,-,-,-,-
CS1SC2,FT,45L,2,-,-,"2""",2,-,-,80,BW,-,0.32,0,-,-,-,-,-
CS1SC2,FT,45L,2,-,-,"2-1/2""",2.5,-,-,30,BW,-,1.02,0,-,-,-,-,-
CS1SC2,FT,45L,2,-,-,"3""",3,-,-,30,BW,-,1.02,0,-,-,-,-,-
CS1SC2,FT,45L,2,-,-,"4""",4,-,-,30,BW,-,1.95,0,-,-,-,-,-
CS1SC2,FT,45L,2,-,-,"6""",6,-,-,40,BW,-,5.1,0,-,-,-,-,-
CS1SC2,FT,45L,2,-,-,"8""",8,-,-,20,BW,-,9,0,-,-,-,-,-
CS1SC2,FT,45L,2,-,-,"10""",10,-,-,20,BW,-,19.65,0,-,-,-,-,-
CS1SC2,FT,45L,2,-,-,"12""",12,-,-,20,BW,-,26.03,0,-,-,-,-,-
CS1SC2,FT,90L,2,-,-,"1/2""",0.5,-,-,-,SW,6000,0,0,-,-,-,-,-
CS1SC2,FT,90L,2,-,-,"3/4""",0.75,-,-,-,SW,3000,0.24,0,-,-,-,-,-
CS1SC2,FT,90L,2,-,-,"1""",1,-,-,-,SW,3000,0.35,0,-,-,-,-,-
CS1SC2,FT,90L,2,-,-,"1-1/2""",1.5,-,-,-,SW,3000,0.96,0,-,-,-,-,-
CS1SC2,FT,90L,2,-,-,"2""",2,-,-,80,BW,-,0.65,0,-,-,-,-,-
CS1SC2,FT,90L,2,-,-,"2-1/2""",2.5,-,-,30,BW,-,2.03,0,-,-,-,-,-
CS1SC2,FT,90L,2,-,-,"3""",3,-,-,30,BW,-,2.03,0,-,-,-,-,-
CS1SC2,FT,90L,2,-,-,"4""",4,-,-,30,BW,-,3.9,0,-,-,-,-,-
CS1SC2,FT,90L,2,-,-,"6""",6,-,-,40,BW,-,10.2,0,-,-,-,-,-
CS1SC2,FT,90L,2,-,-,"8""",8,-,-,20,BW,-,16.57,0,-,-,-,-,-
CS1SC2,FT,90L,2,-,-,"10""",10,-,-,20,BW,-,31.3,0,-,-,-,-,-
CS1SC2,FT,90L,2,-,-,"12""",12,-,-,20,BW,-,46.06,0,-,-,-,-,-
CS1SC2,FT,CAP,2,-,-,"1/2""",0.5,-,-,-,SW,6000,0,0,-,-,-,-,-
CS1SC2,FT,CAP,2,-,-,"3/4""",0.75,-,-,-,SW,3000,0.14,0,-,-,-,-,-
CS1SC2,FT,CAP,2,-,-,"1""",1,-,-,-,SW,3000,0.22,0,-,-,-,-,-
CS1SC2,FT,CAP,2,-,-,"1-1/2""",1.5,-,-,-,SW,3000,0.57,0,-,-,-,-,-
CS1SC2,FT,CAP,2,"ASTM A234 Gr.WPB, Cap, Seamless, ASME B16.9, BW Ends","CAP, SEAMLESS, CS, ASTM A234 Gr.WPB, ASME B16.9, BW, SCH 80","2""",2,-,-,80,BW,-,0.3,0,-,-,-,-,-
CS1SC2,FT,CAP,2,"ASTM A234 Gr.WPB, Cap, Seamless, ASME B16.9, BW Ends","CAP, SEAMLESS, CS, ASTM A234 Gr.WPB, ASME B16.9, BW, SCH 30","2-1/2""",2.5,-,-,30,BW,-,0,0,-,-,-,-,-
CS1SC2,FT,CAP,2,"ASTM A234 Gr.WPB, Cap, Seamless, ASME B16.9, BW Ends","CAP, SEAMLESS, CS, ASTM A234 Gr.WPB, ASME B16.9, BW, SCH 30","3""",3,-,-,30,BW,-,0,0,-,-,-,-,-
CS1SC2,FT,CAP,2,"ASTM A234 Gr.WPB, Cap, Seamless, ASME B16.9, BW Ends","CAP, SEAMLESS, CS, ASTM A234 Gr.WPB, ASME B16.9, BW, SCH 30","4""",4,-,-,30,BW,-,0,0,-,-,-,-,-
CS1SC2,FT,CAP,2,"ASTM A234 Gr.WPB, Cap, Seamless, ASME B16.9, BW Ends","CAP, SEAMLESS, CS, ASTM A234 Gr.WPB, ASME B16.9, BW, SCH 40","6""",6,-,-,40,BW,-,3.6,0,-,-,-,-,-
CS1SC2,FT,CAP,2,"ASTM A234 Gr.WPB, Cap, Seamless, ASME B16.9, BW Ends","CAP, SEAMLESS, CS, ASTM A234 Gr.WPB, ASME B16.9, BW, SCH 20","8""",8,-,-,20,BW,-,4.5,0,-,-,-,-,-
CS1SC2,FT,CAP,2,"ASTM A234 Gr.WPB, Cap, Seamless, ASME B16.9, BW Ends","CAP, SEAMLESS, CS, ASTM A234 Gr.WPB, ASME B16.9, BW, SCH 20","10""",10,-,-,20,BW,-,7,0,-,-,-,-,-
CS1SC2,FT,CAP,2,"ASTM A234 Gr.WPB, Cap, Seamless, ASME B16.9, BW Ends","CAP, SEAMLESS, CS, ASTM A234 Gr.WPB, ASME B16.9, BW, SCH 20","12""",12,-,-,20,BW,-,9,0,-,-,-,-,-
CS1SC2,FT,TEE,2,-,-,"1/2""",0.5,-,-,-,SW,6000,0,0,-,-,-,-,-
CS1SC2,FT,TEE,2,-,-,"3/4""",0.75,-,-,-,SW,3000,0.33,0,-,-,-,-,-
CS1SC2,FT,TEE,2,-,-,"1""",1,-,-,-,SW,3000,0.53,0,-,-,-,-,-
CS1SC2,FT,TEE,2,-,-,"1-1/2""",1.5,-,-,-,SW,3000,1.35,0,-,-,-,-,-
CS1SC2,FT,TEE,2,"ASTM A234 Gr.WPB, Equal tee, Seamless, ASME B16.9, BW Ends","STRAIGHT TEE, SEAMLESS, CS, ASTM A234 Gr.WPB, ASME B16.9, BW, SCH 80","2""",2,-,-,80,BW,-,1.9,0,-,-,-,-,-
CS1SC2,FT,TEE,2,"ASTM A234 Gr.WPB, Equal tee, Seamless, ASME B16.9, BW Ends","STRAIGHT TEE, SEAMLESS, CS, ASTM A234 Gr.WPB, ASME B16.9, BW, SCH 30","2-1/2""",2.5,-,-,30,BW,-,0,0,-,-,-,-,-
CS1SC2,FT,TEE,2,"ASTM A234 Gr.WPB, Equal tee, Seamless, ASME B16.9, BW Ends","STRAIGHT TEE, SEAMLESS, CS, ASTM A234 Gr.WPB, ASME B16.9, BW, SCH 30","3""",3,-,-,30,BW,-,0,0,-,-,-,-,-
CS1SC2,FT,TEE,2,"ASTM A234 Gr.WPB, Equal tee, Seamless, ASME B16.9, BW Ends","STRAIGHT TEE, SEAMLESS, CS, ASTM A234 Gr.WPB, ASME B16.9, BW, SCH 40","4""",4,-,-,30,BW,-,0,0,-,-,-,-,-
CS1SC2,FT,TEE,2,"ASTM A234 Gr.WPB, Equal tee, Seamless, ASME B16.9, BW Ends","STRAIGHT TEE, SEAMLESS, CS, ASTM A234 Gr.WPB, ASME B16.9, BW, SCH 40","6""",6,-,-,40,BW,-,16.48,0,-,-,-,-,-
CS1SC2,FT,TEE,2,"ASTM A234 Gr.WPB, Equal tee, Seamless, ASME B16.9, BW Ends","STRAIGHT TEE, SEAMLESS, CS, ASTM A234 Gr.WPB, ASME B16.9, BW, SCH 20","8""",8,-,-,20,BW,-,29,0,-,-,-,-,-
CS1SC2,FT,TEE,2,"ASTM A234 Gr.WPB, Equal tee, Seamless, ASME B16.9, BW Ends","STRAIGHT TEE, SEAMLESS, CS, ASTM A234 Gr.WPB, ASME B16.9, BW, SCH 20","10""",10,-,-,20,BW,-,34.7,0,-,-,-,-,-
CS1SC2,FT,TEE,2,"ASTM A234 Gr.WPB, Equal tee, Seamless, ASME B16.9, BW Ends","STRAIGHT TEE, SEAMLESS, CS, ASTM A234 Gr.WPB, ASME B16.9, BW, SCH 20","12""",12,-,-,20,BW,-,59,0,-,-,-,-,-
CS1SC2,FT,SOL,2,"ASTM A105, Sockolet, MSS SP-97, SW Ends, Branch: 1/2"" - 1 1/2""","SOCKOLET, CS, ASTM A105, MSS SP-97, SW, CLASS 3000","2""",2,"1/2""",0.5,-,SW,3000,0.14,0,-,-,-,-,-
CS1SC2,FT,SOL,2,"ASTM A105, Sockolet, MSS SP-97, SW Ends, Branch: 1/2"" - 1 1/2""","SOCKOLET, CS, ASTM A105, MSS SP-97, SW, CLASS 3000","2""",2,"3/4""",0.75,-,SW,3000,0.15,0,-,-,-,-,-
CS1SC2,FT,SOL,2,"ASTM A105, Sockolet, MSS SP-97, SW Ends, Branch: 1/2"" - 1 1/2""","SOCKOLET, CS, ASTM A105, MSS SP-97, SW, CLASS 3000","2""",2,"1""",1,-,SW,3000,0.27,0,-,-,-,-,-
CS1SC2,FT,SOL,2,"ASTM A105, Sockolet, MSS SP-97, SW Ends, Branch: 1/2"" - 1 1/2""","SOCKOLET, CS, ASTM A105, MSS SP-97, SW, CLASS 3000","2""",2,"1-1/2""",1.5,-,SW,3000,0.47,0,-,-,-,-,-
CS1SC2,FT,SOL,2,"ASTM A105, Sockolet, MSS SP-97, SW Ends, Branch: 1/2"" - 1 1/2""","SOCKOLET, CS, ASTM A105, MSS SP-97, SW, CLASS 3000","3""",3,"1/2""",0.5,-,SW,3000,0.14,0,-,-,-,-,-
CS1SC2,FT,SOL,2,"ASTM A105, Sockolet, MSS SP-97, SW Ends, Branch: 1/2"" - 1 1/2""","SOCKOLET, CS, ASTM A105, MSS SP-97, SW, CLASS 3000","3""",3,"3/4""",0.75,-,SW,3000,0.15,0,-,-,-,-,-
CS1SC2,FT,SOL,2,"ASTM A105, Sockolet, MSS SP-97, SW Ends, Branch: 1/2"" - 1 1/2""","SOCKOLET, CS, ASTM A105, MSS SP-97, SW, CLASS 3000","3""",3,"1""",1,-,SW,3000,0.27,0,-,-,-,-,-
CS1SC2,FT,SOL,2,"ASTM A105, Sockolet, MSS SP-97, SW Ends, Branch: 1/2"" - 1 1/2""","SOCKOLET, CS, ASTM A105, MSS SP-97, SW, CLASS 3000","3""",3,"1-1/2""",1.5,-,SW,3000,0.47,0,-,-,-,-,-
CS1SC2,FT,SOL,2,"ASTM A105, Sockolet, MSS SP-97, SW Ends, Branch: 1/2"" - 1 1/2""","SOCKOLET, CS, ASTM A105, MSS SP-97, SW, CLASS 3000","4""",4,"1/2""",0.5,-,SW,3000,0.14,0,-,-,-,-,-
CS1SC2,FT,SOL,2,"ASTM A105, Sockolet, MSS SP-97, SW Ends, Branch: 1/2"" - 1 1/2""","SOCKOLET, CS, ASTM A105, MSS SP-97, SW, CLASS 3000","4""",4,"3/4""",0.75,-,SW,3000,0.15,0,-,-,-,-,-
CS1SC2,FT,SOL,2,"ASTM A105, Sockolet, MSS SP-97, SW Ends, Branch: 1/2"" - 1 1/2""","SOCKOLET, CS, ASTM A105, MSS SP-97, SW, CLASS 3000","4""",4,"1""",1,-,SW,3000,0.27,0,-,-,-,-,-
CS1SC2,FT,SOL,2,"ASTM A105, Sockolet, MSS SP-97, SW Ends, Branch: 1/2"" - 1 1/2""","SOCKOLET, CS, ASTM A105, MSS SP-97, SW, CLASS 3000","4""",4,"1-1/2""",1.5,-,SW,3000,0.47,0,-,-,-,-,-
CS1SC2,FT,SOL,2,"ASTM A105, Sockolet, MSS SP-97, SW Ends, Branch: 1/2"" - 1 1/2""","SOCKOLET, CS, ASTM A105, MSS SP-97, SW, CLASS 3000","6""",6,"1/2""",0.5,-,SW,3000,0.14,0,-,-,-,-,-
CS1SC2,FT,SOL,2,"ASTM A105, Sockolet, MSS SP-97, SW Ends, Branch: 1/2"" - 1 1/2""","SOCKOLET, CS, ASTM A105, MSS SP-97, SW, CLASS 3000","6""",6,"3/4""",0.75,-,SW,3000,0.15,0,-,-,-,-,-
CS1SC2,FT,SOL,2,"ASTM A105, Sockolet, MSS SP-97, SW Ends, Branch: 1/2"" - 1 1/2""","SOCKOLET, CS, ASTM A105, MSS SP-97, SW, CLASS 3000","6""",6,"1""",1,-,SW,3000,0.27,0,-,-,-,-,-
CS1SC2,FT,SOL,2,"ASTM A105, Sockolet, MSS SP-97, SW Ends, Branch: 1/2"" - 1 1/2""","SOCKOLET, CS, ASTM A105, MSS SP-97, SW, CLASS 3000","6""",6,"1-1/2""",1.5,-,SW,3000,0.47,0,-,-,-,-,-
CS1SC2,FT,SOL,2,"ASTM A105, Sockolet, MSS SP-97, SW Ends, Branch: 1/2"" - 1 1/2""","SOCKOLET, CS, ASTM A105, MSS SP-97, SW, CLASS 3000","8""",8,"1/2""",0.5,-,SW,3000,0.14,0,-,-,-,-,-
CS1SC2,FT,SOL,2,"ASTM A105, Sockolet, MSS SP-97, SW Ends, Branch: 1/2"" - 1 1/2""","SOCKOLET, CS, ASTM A105, MSS SP-97, SW, CLASS 3000","8""",8,"3/4""",0.75,-,SW,3000,0.15,0,-,-,-,-,-
CS1SC2,FT,SOL,2,"ASTM A105, Sockolet, MSS SP-97, SW Ends, Branch: 1/2"" - 1 1/2""","SOCKOLET, CS, ASTM A105, MSS SP-97, SW, CLASS 3000","8""",8,"1""",1,-,SW,3000,0.27,0,-,-,-,-,-
CS1SC2,FT,SOL,2,"ASTM A105, Sockolet, MSS SP-97, SW Ends, Branch: 1/2"" - 1 1/2""","SOCKOLET, CS, ASTM A105, MSS SP-97, SW, CLASS 3000","8""",8,"1-1/2""",1.5,-,SW,3000,0.47,0,-,-,-,-,-
CS1SC2,FT,SOL,2,"ASTM A105, Sockolet, MSS SP-97, SW Ends, Branch: 1/2"" - 1 1/2""","SOCKOLET, CS, ASTM A105, MSS SP-97, SW, CLASS 3000","10""",10,"1/2""",0.5,-,SW,3000,0.14,0,-,-,-,-,-
CS1SC2,FT,SOL,2,"ASTM A105, Sockolet, MSS SP-97, SW Ends, Branch: 1/2"" - 1 1/2""","SOCKOLET, CS, ASTM A105, MSS SP-97, SW, CLASS 3000","10""",10,"3/4""",0.75,-,SW,3000,0.15,0,-,-,-,-,-
CS1SC2,FT,SOL,2,"ASTM A105, Sockolet, MSS SP-97, SW Ends, Branch: 1/2"" - 1 1/2""","SOCKOLET, CS, ASTM A105, MSS SP-97, SW, CLASS 3000","10""",10,"1""",1,-,SW,3000,0.27,0,-,-,-,-,-
CS1SC2,FT,SOL,2,"ASTM A105, Sockolet, MSS SP-97, SW Ends, Branch: 1/2"" - 1 1/2""","SOCKOLET, CS, ASTM A105, MSS SP-97, SW, CLASS 3000","10""",10,"1-1/2""",1.5,-,SW,3000,0.47,0,-,-,-,-,-
CS1SC2,FT,SOL,2,"ASTM A105, Sockolet, MSS SP-97, SW Ends, Branch: 1/2"" - 1 1/2""","SOCKOLET, CS, ASTM A105, MSS SP-97, SW, CLASS 3000","12""",12,"1/2""",0.5,-,SW,3000,0.14,0,-,-,-,-,-
CS1SC2,FT,SOL,2,"ASTM A105, Sockolet, MSS SP-97, SW Ends, Branch: 1/2"" - 1 1/2""","SOCKOLET, CS, ASTM A105, MSS SP-97, SW, CLASS 3000","12""",12,"3/4""",0.75,-,SW,3000,0.15,0,-,-,-,-,-
CS1SC2,FT,SOL,2,"ASTM A105, Sockolet, MSS SP-97, SW Ends, Branch: 1/2"" - 1 1/2""","SOCKOLET, CS, ASTM A105, MSS SP-97, SW, CLASS 3000","12""",12,"1""",1,-,SW,3000,0.27,0,-,-,-,-,-
CS1SC2,FT,SOL,2,"ASTM A105, Sockolet, MSS SP-97, SW Ends, Branch: 1/2"" - 1 1/2""","SOCKOLET, CS, ASTM A105, MSS SP-97, SW, CLASS 3000","12""",12,"1-1/2""",1.5,-,SW,3000,0.47,0,-,-,-,-,-
CS1SC2,FT,WOL,2,"ASTM A105, Weldolet, MSS SP-97, BW Ends Branch: 2"" - 4""","WELDOLET, CS, ASTM A105, MSS SP-97, BW, SCH 80","6""",6,"2""",2,40 x 80,BW,-,0.79,0,-,-,-,-,-
CS1SC2,FT,WOL,2,"ASTM A105, Weldolet, MSS SP-97, BW Ends Branch: 2"" - 4""","WELDOLET, CS, ASTM A105, MSS SP-97, BW, SCH 80","6""",6,"2-1/2""",2.5,40 x 30,BW,-,1.81,0,-,-,-,-,-
CS1SC2,FT,WOL,2,"ASTM A105, Weldolet, MSS SP-97, BW Ends Branch: 2"" - 4""","WELDOLET, CS, ASTM A105, MSS SP-97, BW, SCH 80","8""",8,"2""",2,20 x 80,BW,-,0.79,0,-,-,-,-,-
CS1SC2,FT,WOL,2,"ASTM A105, Weldolet, MSS SP-97, BW Ends Branch: 2"" - 4""","WELDOLET, CS, ASTM A105, MSS SP-97, BW, SCH 80","8""",8,"3""",3,20 x 30,BW,-,1.81,0,-,-,-,-,-
CS1SC2,FT,WOL,2,"ASTM A105, Weldolet, MSS SP-97, BW Ends Branch: 2"" - 4""","WELDOLET, CS, ASTM A105, MSS SP-97, BW, SCH 80","10""",10,"2""",2,20 x 80,BW,-,0.79,0,-,-,-,-,-
CS1SC2,FT,WOL,2,"ASTM A105, Weldolet, MSS SP-97, BW Ends Branch: 2"" - 4""","WELDOLET, CS, ASTM A105, MSS SP-97, BW, SCH 80","10""",10,"3""",3,20 x 30,BW,-,1.81,0,-,-,-,-,-
CS1SC2,FT,WOL,2,"ASTM A105, Weldolet, MSS SP-97, BW Ends Branch: 2"" - 4""","WELDOLET, CS, ASTM A105, MSS SP-97, BW, SCH 80","10""",10,"4""",4,20 x 30,BW,-,2.86,0,-,-,-,-,-
CS1SC2,FT,WOL,2,"ASTM A105, Weldolet, MSS SP-97, BW Ends Branch: 2"" - 4""","WELDOLET, CS, ASTM A105, MSS SP-97, BW, SCH 80","12""",12,"2""",2,20 x 80,BW,-,0.79,0,-,-,-,-,-
CS1SC2,FT,WOL,2,"ASTM A105, Weldolet, MSS SP-97, BW Ends Branch: 2"" - 4""","WELDOLET, CS, ASTM A105, MSS SP-97, BW, SCH 80","12""",12,"3""",3,20 x 30,BW,-,1.81,0,-,-,-,-,-
CS1SC2,FT,WOL,2,"ASTM A105, Weldolet, MSS SP-97, BW Ends Branch: 2"" - 4""","WELDOLET, CS, ASTM A105, MSS SP-97, BW, SCH 80","12""",12,"4""",4,20 x 30,BW,-,2.86,0,-,-,-,-,-
CS1SC2,GS,GAS,4,"Aramid Fiber Reinforced NBR, Nonmetallic Flat Gasket, ASME B16.21, FF as per ASME B16.5, Thk=1/8in","NONMETALLIC FLAT GASKET, ARAMID FIBER REINFORCED NBR, ASME B16.21, THK 1/8"", CLASS 150, FF","1/2""",0.5,-,-,-,FF,150,0.005,0,-,-,-,-,-
CS1SC2,GS,GAS,4,"Aramid Fiber Reinforced NBR, Nonmetallic Flat Gasket, ASME B16.21, FF as per ASME B16.5, Thk=1/8in","NONMETALLIC FLAT GASKET, ARAMID FIBER REINFORCED NBR, ASME B16.21, THK 1/8"", CLASS 150, FF","3/4""",0.75,-,-,-,FF,150,0.008,0,-,-,-,-,-
CS1SC2,GS,GAS,4,"Aramid Fiber Reinforced NBR, Nonmetallic Flat Gasket, ASME B16.21, FF as per ASME B16.5, Thk=1/8in","NONMETALLIC FLAT GASKET, ARAMID FIBER REINFORCED NBR, ASME B16.21, THK 1/8"", CLASS 150, FF","1""",1,-,-,-,FF,150,0.01,0,-,-,-,-,-
CS1SC2,GS,GAS,4,"Aramid Fiber Reinforced NBR, Nonmetallic Flat Gasket, ASME B16.21, FF as per ASME B16.5, Thk=1/8in","NONMETALLIC FLAT GASKET, ARAMID FIBER REINFORCED NBR, ASME B16.21, THK 1/8"", CLASS 150, FF","1-1/2""",1.5,-,-,-,FF,150,0.015,0,-,-,-,-,-
CS1SC2,GS,GAS,4,"Aramid Fiber Reinforced NBR, Nonmetallic Flat Gasket, ASME B16.21, FF as per ASME B16.5, Thk=1/8in","NONMETALLIC FLAT GASKET, ARAMID FIBER REINFORCED NBR, ASME B16.21, THK 1/8"", CLASS 150, FF","2""",2,-,-,-,FF,150,0.029,0,-,-,-,-,-
CS1SC2,GS,GAS,4,"Aramid Fiber Reinforced NBR, Nonmetallic Flat Gasket, ASME B16.21, FF as per ASME B16.5, Thk=1/8in","NONMETALLIC FLAT GASKET, ARAMID FIBER REINFORCED NBR, ASME B16.21, THK 1/8"", CLASS 150, FF","3""",3,-,-,-,FF,150,0.031,0,-,-,-,-,-
CS1SC2,GS,GAS,4,"Aramid Fiber Reinforced NBR, Nonmetallic Flat Gasket, ASME B16.21, FF as per ASME B16.5, Thk=1/8in","NONMETALLIC FLAT GASKET, ARAMID FIBER REINFORCED NBR, ASME B16.21, THK 1/8"", CLASS 150, FF","4""",4,-,-,-,FF,150,0.051,0,-,-,-,-,-
CS1SC2,GS,GAS,4,"Aramid Fiber Reinforced NBR, Nonmetallic Flat Gasket, ASME B16.21, FF as per ASME B16.5, Thk=1/8in","NONMETALLIC FLAT GASKET, ARAMID FIBER REINFORCED NBR, ASME B16.21, THK 1/8"", CLASS 150, FF","6""",6,-,-,-,FF,150,0.063,0,-,-,-,-,-
CS1SC2,GS,GAS,4,"Aramid Fiber Reinforced NBR, Nonmetallic Flat Gasket, ASME B16.21, FF as per ASME B16.5, Thk=1/8in","NONMETALLIC FLAT GASKET, ARAMID FIBER REINFORCED NBR, ASME B16.21, THK 1/8"", CLASS 150, FF","8""",8,-,-,-,FF,150,0.088,0,-,-,-,-,-
CS1SC2,GS,GAS,4,"Aramid Fiber Reinforced NBR, Nonmetallic Flat Gasket, ASME B16.21, FF as per ASME B16.5, Thk=1/8in","NONMETALLIC FLAT GASKET, ARAMID FIBER REINFORCED NBR, ASME B16.21, THK 1/8"", CLASS 150, FF","10""",10,-,-,-,FF,150,0.12,0,-,-,-,-,-
CS1SC2,GS,GAS,4,"Aramid Fiber Reinforced NBR, Nonmetallic Flat Gasket, ASME B16.21, FF as per ASME B16.5, Thk=1/8in","NONMETALLIC FLAT GASKET, ARAMID FIBER REINFORCED NBR, ASME B16.21, THK 1/8"", CLASS 150, FF","12""",12,-,-,-,FF,150,0.186,0,-,-,-,-,-
CS1SC2,BL,BOLT,5,"Stud bolt with 2 heavy hexagonal nuts, Full Length Threaded, ASME B1.1/ASME B18.2.2, A193 Gr.B7/A194 Gr.2H","STUD BOLTS W/2 HVY HEX NUTS, CS, A193 Gr.B7/A194 Gr.2H, ASME B18.2.1/B18.2.2","1/2""",0.5,-,-,-,RF,150,0,0,-,-,-,-,-
CS1SC2,BL,BOLT,5,"Stud bolt with 2 heavy hexagonal nuts, Full Length Threaded, ASME B1.1/ASME B18.2.2, A193 Gr.B7/A194 Gr.2H","STUD BOLTS W/2 HVY HEX NUTS, CS, A193 Gr.B7/A194 Gr.2H, ASME B18.2.1/B18.2.2","3/4""",0.75,-,-,-,RF,150,0,0,-,-,-,-,-
CS1SC2,BL,BOLT,5,"Stud bolt with 2 heavy hexagonal nuts, Full Length Threaded, ASME B1.1/ASME B18.2.2, A193 Gr.B7/A194 Gr.2H","STUD BOLTS W/2 HVY HEX NUTS, CS, A193 Gr.B7/A194 Gr.2H, ASME B18.2.1/B18.2.2","1""",1,-,-,-,RF,150,0,0,-,-,-,-,-
CS1SC2,BL,BOLT,5,"Stud bolt with 2 heavy hexagonal nuts, Full Length Threaded, ASME B1.1/ASME B18.2.2, A193 Gr.B7/A194 Gr.2H","STUD BOLTS W/2 HVY HEX NUTS, CS, A193 Gr.B7/A194 Gr.2H, ASME B18.2.1/B18.2.2","1-1/2""",1.5,-,-,-,RF,150,0,0,-,-,-,-,-
CS1SC2,BL,BOLT,5,"Stud bolt with 2 heavy hexagonal nuts, Full Length Threaded, ASME B1.1/ASME B18.2.2, A193 Gr.B7/A194 Gr.2H","STUD BOLTS W/2 HVY HEX NUTS, CS, A193 Gr.B7/A194 Gr.2H, ASME B18.2.1/B18.2.2","2""",2,-,-,-,RF,150,0,0,-,-,-,-,-
CS1SC2,BL,BOLT,5,"Stud bolt with 2 heavy hexagonal nuts, Full Length Threaded, ASME B1.1/ASME B18.2.2, A193 Gr.B7/A194 Gr.2H","STUD BOLTS W/2 HVY HEX NUTS, CS, A193 Gr.B7/A194 Gr.2H, ASME B18.2.1/B18.2.2","3""",3,-,-,-,RF,150,0,0,-,-,-,-,-
CS1SC2,BL,BOLT,5,"Stud bolt with 2 heavy hexagonal nuts, Full Length Threaded, ASME B1.1/ASME B18.2.2, A193 Gr.B7/A194 Gr.2H","STUD BOLTS W/2 HVY HEX NUTS, CS, A193 Gr.B7/A194 Gr.2H, ASME B18.2.1/B18.2.2","4""",4,-,-,-,RF,150,0,0,-,-,-,-,-
CS1SC2,BL,BOLT,5,"Stud bolt with 2 heavy hexagonal nuts, Full Length Threaded, ASME B1.1/ASME B18.2.2, A193 Gr.B7/A194 Gr.2H","STUD BOLTS W/2 HVY HEX NUTS, CS, A193 Gr.B7/A194 Gr.2H, ASME B18.2.1/B18.2.2","6""",6,-,-,-,RF,150,0,0,-,-,-,-,-
CS1SC2,BL,BOLT,5,"Stud bolt with 2 heavy hexagonal nuts, Full Length Threaded, ASME B1.1/ASME B18.2.2, A193 Gr.B7/A194 Gr.2H","STUD BOLTS W/2 HVY HEX NUTS, CS, A193 Gr.B7/A194 Gr.2H, ASME B18.2.1/B18.2.2","8""",8,-,-,-,RF,150,0,0,-,-,-,-,-
CS1SC2,BL,BOLT,5,"Stud bolt with 2 heavy hexagonal nuts, Full Length Threaded, ASME B1.1/ASME B18.2.2, A193 Gr.B7/A194 Gr.2H","STUD BOLTS W/2 HVY HEX NUTS, CS, A193 Gr.B7/A194 Gr.2H, ASME B18.2.1/B18.2.2","10""",10,-,-,-,RF,150,0,0,-,-,-,-,-
CS1SC2,BL,BOLT,5,"Stud bolt with 2 heavy hexagonal nuts, Full Length Threaded, ASME B1.1/ASME B18.2.2, A193 Gr.B7/A194 Gr.2H","STUD BOLTS W/2 HVY HEX NUTS, CS, A193 Gr.B7/A194 Gr.2H, ASME B18.2.1/B18.2.2","12""",12,-,-,-,RF,150,0,0,-,-,-,-,-
CS1SC2,FT,CPL,2,-,-,"1/2""",0.5,-,-,-,SW,3000,0,0,-,-,-,-,-
CS1SC2,FT,CPL,2,-,-,"3/4""",0.75,-,-,-,SW,3000,0,0,-,-,-,-,-
CS1SC2,FT,CPL,2,-,-,"1""",1,-,-,-,SW,3000,0,0,-,-,-,-,-
CS1SC2,FT,CPL,2,-,-,"1-1/2""",1.5,-,-,-,SW,3000,0,0,-,-,-,-,-
CS1SC2,FT,PLG,2,-,-,"1/2""",0.5,-,-,-,THD,3000,0,0,-,-,-,-,-
CS1SC2,FT,PLG,2,-,-,"3/4""",0.75,-,-,-,THD,3000,0,0,-,-,-,-,-
CS1SC2,FT,PLG,2,-,-,"1""",1,-,-,-,THD,3000,0,0,-,-,-,-,-
CS1SC2,FT,PLG,2,-,-,"1-1/2""",1.5,-,-,-,THD,3000,0,0,-,-,-,-,-
CS1SC2,FT,CRE,2,-,-,"3""",3,"2""",2,40 x 40,BW,-,0,0,-,-,-,-,-
CS1SC2,FT,CRE,2,-,-,"4""",4,"2""",2,40 x 40,BW,-,0,0,-,-,-,-,-
CS1SC2,FT,CRE,2,-,-,"4""",4,"3""",3,40 x 40,BW,-,0,0,-,-,-,-,-
CS1SC2,FT,CRE,2,-,-,"6""",6,"3""",3,40 x 40,BW,-,0,0,-,-,-,-,-
CS1SC2,FT,CRE,2,-,-,"6""",6,"4""",4,40 x 40,BW,-,0,0,-,-,-,-,-
CS1SC2,FT,CRE,2,-,-,"8""",8,"4""",4,20 x 40,BW,-,0,0,-,-,-,-,-
CS1SC2,FT,CRE,2,-,-,"8""",8,"6""",6,20 x 40,BW,-,0,0,-,-,-,-,-
CS1SC2,FT,CRE,2,-,-,"10""",10,"6""",6,30 x 40,BW,-,0,0,-,-,-,-,-
CS1SC2,FT,CRE,2,-,-,"10""",10,"8""",8,30 x 20,BW,-,0,0,-,-,-,-,-
CS1SC2,FT,CRE,2,-,-,"12""",12,"6""",6,30 x 40,BW,-,0,0,-,-,-,-,-
CS1SC2,FT,CRE,2,-,-,"12""",12,"8""",8,30 x 20,BW,-,0,0,-,-,-,-,-
CS1SC2,FT,CRE,2,-,-,"12""",12,"10""",10,30 x 30,BW,-,0,0,-,-,-,-,-
CS1SC2,FT,ERE,2,"Eccentric reducer, Seamless, ASME B16.9, BW Ends Reducer Size: 2"" - 10""","ECCENTRIC REDUCER, SEAMLESS, CS, ASTM A234 Gr.WPB, ASME B16.9, BW, SCH 30 x 80","3""",3,"2""",2,30 x 80,BW,-,1.36,0,-,-,-,-,-
CS1SC2,FT,ERE,2,"Eccentric reducer, Seamless, ASME B16.9, BW Ends Reducer Size: 2"" - 10""","ECCENTRIC REDUCER, SEAMLESS, CS, ASTM A234 Gr.WPB, ASME B16.9, BW, SCH 30 x 80","4""",4,"2""",2,30 x 80,BW,-,2.27,0,-,-,-,-,-
CS1SC2,FT,ERE,2,"Eccentric reducer, Seamless, ASME B16.9, BW Ends Reducer Size: 2"" - 10""","ECCENTRIC REDUCER, SEAMLESS, CS, ASTM A234 Gr.WPB, ASME B16.9, BW, SCH 30 x 30","4""",4,"3""",3,30 x 30,BW,-,0,0,-,-,-,-,-
CS1SC2,FT,ERE,2,"Eccentric reducer, Seamless, ASME B16.9, BW Ends Reducer Size: 2"" - 10""","ECCENTRIC REDUCER, SEAMLESS, CS, ASTM A234 Gr.WPB, ASME B16.9, BW, SCH 40 x 30","6""",6,"3""",3,40 x 30,BW,-,0,0,-,-,-,-,-
CS1SC2,FT,ERE,2,"Eccentric reducer, Seamless, ASME B16.9, BW Ends Reducer Size: 2"" - 10""","ECCENTRIC REDUCER, SEAMLESS, CS, ASTM A234 Gr.WPB, ASME B16.9, BW, SCH 40 x 30","6""",6,"4""",4,40 x 30,BW,-,0,0,-,-,-,-,-
CS1SC2,FT,ERE,2,"Eccentric reducer, Seamless, ASME B16.9, BW Ends Reducer Size: 2"" - 10""","ECCENTRIC REDUCER, SEAMLESS, CS, ASTM A234 Gr.WPB, ASME B16.9, BW, SCH 20 x 40","8""",8,"4""",4,20 x 30,BW,-,0,0,-,-,-,-,-
CS1SC2,FT,ERE,2,"Eccentric reducer, Seamless, ASME B16.9, BW Ends Reducer Size: 2"" - 10""","ECCENTRIC REDUCER, SEAMLESS, CS, ASTM A234 Gr.WPB, ASME B16.9, BW, SCH 20 x 40","8""",8,"6""",6,20 x 40,BW,-,6.5,0,-,-,-,-,-
CS1SC2,FT,ERE,2,"Eccentric reducer, Seamless, ASME B16.9, BW Ends Reducer Size: 2"" - 10""","ECCENTRIC REDUCER, SEAMLESS, CS, ASTM A234 Gr.WPB, ASME B16.9, BW, SCH 20 x 40","10""",10,"6""",6,20 x 40,BW,-,0,0,-,-,-,-,-
CS1SC2,FT,ERE,2,"Eccentric reducer, Seamless, ASME B16.9, BW Ends Reducer Size: 2"" - 10""","ECCENTRIC REDUCER, SEAMLESS, CS, ASTM A234 Gr.WPB, ASME B16.9, BW, SCH 20 x 20","10""",10,"8""",8,20 x 20,BW,-,0,0,-,-,-,-,-
CS1SC2,FT,ERE,2,"Eccentric reducer, Seamless, ASME B16.9, BW Ends Reducer Size: 2"" - 10""","ECCENTRIC REDUCER, SEAMLESS, CS, ASTM A234 Gr.WPB, ASME B16.9, BW, SCH 20 x 20","12""",12,"6""",6,20 x 20,BW,-,0,0,-,-,-,-,-
CS1SC2,FT,ERE,2,"Eccentric reducer, Seamless, ASME B16.9, BW Ends Reducer Size: 2"" - 10""","ECCENTRIC REDUCER, SEAMLESS, CS, ASTM A234 Gr.WPB, ASME B16.9, BW, SCH 20 x 20","12""",12,"8""",8,20 x 20,BW,-,0,0,-,-,-,-,-
CS1SC2,FT,ERE,2,"Eccentric reducer, Seamless, ASME B16.9, BW Ends Reducer Size: 2"" - 10""","ECCENTRIC REDUCER, SEAMLESS, CS, ASTM A234 Gr.WPB, ASME B16.9, BW, SCH 20 x 20","12""",12,"10""",10,20 x 20,BW,-,0,0,-,-,-,-,-
CS1SC2,FT,RTE,2,-,-,"3/4""",0.75,"1/2""",0.5,-,SW,3000,0,0,-,-,-,-,-
CS1SC2,FT,RTE,2,-,-,"1""",1,"1/2""",0.5,-,SW,3000,0,0,-,-,-,-,-
CS1SC2,FT,RTE,2,-,-,"1""",1,"3/4""",0.75,-,SW,3000,0,0,-,-,-,-,-
CS1SC2,FT,RTE,2,-,-,"1-1/2""",1.5,"1/2""",0.5,-,SW,3000,0,0,-,-,-,-,-
CS1SC2,FT,RTE,2,-,-,"1-1/2""",1.5,"3/4""",0.75,-,SW,3000,0,0,-,-,-,-,-
CS1SC2,FT,RTE,2,-,-,"1-1/2""",1.5,"1""",1,-,SW,3000,0,0,-,-,-,-,-
CS1SC2,FT,RTE,2,"ASTM A234 Gr.WPB, Reducing tee, Seamless, ASME B16.9, BW Ends Branch: 2"""" - 10""""""","REDUCING TEE, SEAMLESS, CS, ASTM A234 Gr.WPB, ASME B16.9, BW, SCH 30 x 80","3""",3,"2""",2,30 x 80,BW,-,0,0,-,-,-,-,-
CS1SC2,FT,RTE,2,"ASTM A234 Gr.WPB, Reducing tee, Seamless, ASME B16.9, BW Ends Branch: 2"""" - 10""""""","REDUCING TEE, SEAMLESS, CS, ASTM A234 Gr.WPB, ASME B16.9, BW, SCH 30 x 80","4""",4,"2""",2,30 x 80,BW,-,0,0,-,-,-,-,-
CS1SC2,FT,RTE,2,"ASTM A234 Gr.WPB, Reducing tee, Seamless, ASME B16.9, BW Ends Branch: 2"""" - 10""""""","REDUCING TEE, SEAMLESS, CS, ASTM A234 Gr.WPB, ASME B16.9, BW, SCH 30 x 30","4""",4,"3""",3,30 x 30,BW,-,0,0,-,-,-,-,-
CS1SC2,FT,RTE,2,"ASTM A234 Gr.WPB, Reducing tee, Seamless, ASME B16.9, BW Ends Branch: 2"""" - 10""""""","REDUCING TEE, SEAMLESS, CS, ASTM A234 Gr.WPB, ASME B16.9, BW, SCH 40 x 30","6""",6,"3""",3,40 x 30,BW,-,0,0,-,-,-,-,-
CS1SC2,FT,RTE,2,"ASTM A234 Gr.WPB, Reducing tee, Seamless, ASME B16.9, BW Ends Branch: 2"""" - 10""""""","REDUCING TEE, SEAMLESS, CS, ASTM A234 Gr.WPB, ASME B16.9, BW, SCH 40 x 30","6""",6,"4""",4,40 x 30,BW,-,16,0,-,-,-,-,-
CS1SC2,FT,RTE,2,"ASTM A234 Gr.WPB, Reducing tee, Seamless, ASME B16.9, BW Ends Branch: 2"""" - 10""""""","REDUCING TEE, SEAMLESS, CS, ASTM A234 Gr.WPB, ASME B16.9, BW, SCH 20 x 30","8""",8,"4""",4,20 x 30,BW,-,0,0,-,-,-,-,-
CS1SC2,FT,RTE,2,"ASTM A234 Gr.WPB, Reducing tee, Seamless, ASME B16.9, BW Ends Branch: 2"""" - 10""""""","REDUCING TEE, SEAMLESS, CS, ASTM A234 Gr.WPB, ASME B16.9, BW, SCH 20 x 40","8""",8,"6""",6,20 x 40,BW,-,0,0,-,-,-,-,-
CS1SC2,FT,RTE,2,"ASTM A234 Gr.WPB, Reducing tee, Seamless, ASME B16.9, BW Ends Branch: 2"""" - 10""""""","REDUCING TEE, SEAMLESS, CS, ASTM A234 Gr.WPB, ASME B16.9, BW, SCH 20 x 40","10""",10,"6""",6,20 x 40,BW,-,0,0,-,-,-,-,-
CS1SC2,FT,RTE,2,"ASTM A234 Gr.WPB, Reducing tee, Seamless, ASME B16.9, BW Ends Branch: 2"""" - 10""""""","REDUCING TEE, SEAMLESS, CS, ASTM A234 Gr.WPB, ASME B16.9, BW, SCH 20 x 20","10""",10,"8""",8,20 x 20,BW,-,0,0,-,-,-,-,-
CS1SC2,FT,RTE,2,"ASTM A234 Gr.WPB, Reducing tee, Seamless, ASME B16.9, BW Ends Branch: 2"""" - 10""""""","REDUCING TEE, SEAMLESS, CS, ASTM A234 Gr.WPB, ASME B16.9, BW, SCH 20 x 20","12""",12,"6""",6,20 x 20,BW,-,0,0,-,-,-,-,-
CS1SC2,FT,RTE,2,"ASTM A234 Gr.WPB, Reducing tee, Seamless, ASME B16.9, BW Ends Branch: 2"""" - 10""""""","REDUCING TEE, SEAMLESS, CS, ASTM A234 Gr.WPB, ASME B16.9, BW, SCH 20 x 20","12""",12,"8""",8,20 x 20,BW,-,0,0,-,-,-,-,-
CS1SC2,FT,RTE,2,"ASTM A234 Gr.WPB, Reducing tee, Seamless, ASME B16.9, BW Ends Branch: 2"""" - 10""""""","REDUCING TEE, SEAMLESS, CS, ASTM A234 Gr.WPB, ASME B16.9, BW, SCH 20 x 20","12""",12,"10""",10,20 x 20,BW,-,0,0,-,-,-,-,-
CS1SC2,MS,YST,6,-,-,"2""",2,-,-,-,FF,150,0,0,-,-,-,-,-
CS1SC2,MS,YST,6,-,-,"3""",3,-,-,-,FF,150,0,0,-,-,-,-,-
CS1SC2,MS,YST,6,-,-,"4""",4,-,-,-,FF,150,0,0,-,-,-,-,-
CS1SC2,MS,YST,6,-,-,"6""",6,-,-,-,FF,150,0,0,-,-,-,-,-
CS1SC2,MS,YST,6,-,-,"8""",8,-,-,-,FF,150,0,0,-,-,-,-,-
CS1SC2,MS,YST,6,-,-,"10""",10,-,-,-,FF,150,0,0,-,-,-,-,-
CS1SC2,MS,YST,6,-,-,"12""",12,-,-,-,FF,150,0,0,-,-,-,-,-
CS1SC2,VL,BAL,7,"Ball Valve Threaded Ends, Full Bore, Floating Ball, MSS SP-110, ASTM B62 UNS C83600, 600 PSI CWP, NPTF Ends, Ends as per ASME B1.20.1, Bronze Ball, Bronze Stem, 2 Pcs Split Body Side Entry, Threaded Connection, Stem Seal: PTFE, Seat Rings: PTFE, LO, UL LISTED/FM APPROVED","BALL VALVE THD, FB, FLOATING BALL, MSS SP-110, B62 UNS C83600, 600 PSI CWP, NPTF, B1.20.1, BRONZE BALL, BRONZE STEM, 2 PCS SPLIT BODY SIDE ENTRY, THD CONNECTION, STEM SEAL PTFE, SEAT RINGS PTFE, LO, UL LISTED/FM APPROVED","1/2""",0.5,-,-,-,TE,600 PSI CWP,0,0,BAV47H4J1G,-,-,-,-
CS1SC2,VL,BAL,7,"Ball Valve Threaded Ends, Full Bore, Floating Ball, MSS SP-110, ASTM B62 UNS C83600, 600 PSI CWP, NPTF Ends, Ends as per ASME B1.20.1, Bronze Ball, Bronze Stem, 2 Pcs Split Body Side Entry, Threaded Connection, Stem Seal: PTFE, Seat Rings: PTFE, LO, UL LISTED/FM APPROVED","BALL VALVE THD, FB, FLOATING BALL, MSS SP-110, B62 UNS C83600, 600 PSI CWP, NPTF, B1.20.1, BRONZE BALL, BRONZE STEM, 2 PCS SPLIT BODY SIDE ENTRY, THD CONNECTION, STEM SEAL PTFE, SEAT RINGS PTFE, LO, UL LISTED/FM APPROVED","3/4""",0.75,-,-,-,TE,600 PSI CWP,0,0,BAV47H4J1G,-,-,-,-
CS1SC2,VL,BAL,7,"Ball Valve Threaded Ends, Full Bore, Floating Ball, MSS SP-110, ASTM B62 UNS C83600, 600 PSI CWP, NPTF Ends, Ends as per ASME B1.20.1, Bronze Ball, Bronze Stem, 2 Pcs Split Body Side Entry, Threaded Connection, Stem Seal: PTFE, Seat Rings: PTFE, LO, UL LISTED/FM APPROVED","BALL VALVE THD, FB, FLOATING BALL, MSS SP-110, B62 UNS C83600, 600 PSI CWP, NPTF, B1.20.1, BRONZE BALL, BRONZE STEM, 2 PCS SPLIT BODY SIDE ENTRY, THD CONNECTION, STEM SEAL PTFE, SEAT RINGS PTFE, LO, UL LISTED/FM APPROVED","1""",1,-,-,-,TE,600 PSI CWP,0,0,BAV47H4J1G,-,-,-,-
CS1SC2,VL,BAL,7,"Ball Valve Threaded Ends, Full Bore, Floating Ball, MSS SP-110, ASTM B62 UNS C83600, 600 PSI CWP, NPTF Ends, Ends as per ASME B1.20.1, Bronze Ball, Bronze Stem, 2 Pcs Split Body Side Entry, Threaded Connection, Stem Seal: PTFE, Seat Rings: PTFE, LO, UL LISTED/FM APPROVED","BALL VALVE THD, FB, FLOATING BALL, MSS SP-110, B62 UNS C83600, 600 PSI CWP, NPTF, B1.20.1, BRONZE BALL, BRONZE STEM, 2 PCS SPLIT BODY SIDE ENTRY, THD CONNECTION, STEM SEAL PTFE, SEAT RINGS PTFE, LO, UL LISTED/FM APPROVED","1-1/2""",1.5,-,-,-,TE,600 PSI CWP,0,0,BAV47H4J1G,-,-,-,-
CS1SC2,VL,CHS,7,"Swing Check Valve Flanged Ends, MSS SP-136, ASTM A536 Grade 65-45-12, Class 125, Installation: Horizontal or Vertical, FF, Ends as per ASME B16.1, Bolted Cover, Non Metallic Flat Gasket EPDM, Seats: Bronze, Disc: Ductile Iron EPDM Encapsulated, AISI 304 Pin,UL LISTED/FM APPROVED","SWING CHECK VALVE FL, MSS SP-136, A536 Gr 65-45-12, CL 125, INST HORIZ/VERT, FF, B16.1, BOLTED COVER, NON METALLIC FLAT GASKET EPDM, SEATS BRONZE, DISC DUCTILE IRON EPDM ENCAPSULATED, SS304 PIN,UL LISTED/FM APPROVED","2""",2,-,-,-,FF,125,0,0,CKV413C3J2G,-,-,-,-
CS1SC2,VL,CHS,7,"Swing Check Valve Flanged Ends, MSS SP-136, ASTM A536 Grade 65-45-12, Class 125, Installation: Horizontal or Vertical, FF, Ends as per ASME B16.1, Bolted Cover, Non Metallic Flat Gasket EPDM, Seats: Bronze, Disc: Ductile Iron EPDM Encapsulated, AISI 304 Pin,UL LISTED/FM APPROVED","SWING CHECK VALVE FL, MSS SP-136, A536 Gr 65-45-12, CL 125, INST HORIZ/VERT, FF, B16.1, BOLTED COVER, NON METALLIC FLAT GASKET EPDM, SEATS BRONZE, DISC DUCTILE IRON EPDM ENCAPSULATED, SS304 PIN,UL LISTED/FM APPROVED","3""",3,-,-,-,FF,125,0,0,CKV413C3J2G,-,-,-,-
CS1SC2,VL,CHS,7,"Swing Check Valve Flanged Ends, MSS SP-136, ASTM A536 Grade 65-45-12, Class 125, Installation: Horizontal or Vertical, FF, Ends as per ASME B16.1, Bolted Cover, Non Metallic Flat Gasket EPDM, Seats: Bronze, Disc: Ductile Iron EPDM Encapsulated, AISI 304 Pin,UL LISTED/FM APPROVED","SWING CHECK VALVE FL, MSS SP-136, A536 Gr 65-45-12, CL 125, INST HORIZ/VERT, FF, B16.1, BOLTED COVER, NON METALLIC FLAT GASKET EPDM, SEATS BRONZE, DISC DUCTILE IRON EPDM ENCAPSULATED, SS304 PIN,UL LISTED/FM APPROVED","4""",4,-,-,-,FF,125,0,0,CKV413C3J2G,-,-,-,-
CS1SC2,VL,CHS,7,"Swing Check Valve Flanged Ends, MSS SP-136, ASTM A536 Grade 65-45-12, Class 125, Installation: Horizontal or Vertical, FF, Ends as per ASME B16.1, Bolted Cover, Non Metallic Flat Gasket EPDM, Seats: Bronze, Disc: Ductile Iron EPDM Encapsulated, AISI 304 Pin,UL LISTED/FM APPROVED","SWING CHECK VALVE FL, MSS SP-136, A536 Gr 65-45-12, CL 125, INST HORIZ/VERT, FF, B16.1, BOLTED COVER, NON METALLIC FLAT GASKET EPDM, SEATS BRONZE, DISC DUCTILE IRON EPDM ENCAPSULATED, SS304 PIN,UL LISTED/FM APPROVED","6""",6,-,-,-,FF,125,79,0,CKV413C3J2G,-,-,-,-
CS1SC2,VL,CHS,7,"Swing Check Valve Flanged Ends, MSS SP-136, ASTM A536 Grade 65-45-12, Class 125, Installation: Horizontal or Vertical, FF, Ends as per ASME B16.1, Bolted Cover, Non Metallic Flat Gasket EPDM, Seats: Bronze, Disc: Ductile Iron EPDM Encapsulated, AISI 304 Pin,UL LISTED/FM APPROVED","SWING CHECK VALVE FL, MSS SP-136, A536 Gr 65-45-12, CL 125, INST HORIZ/VERT, FF, B16.1, BOLTED COVER, NON METALLIC FLAT GASKET EPDM, SEATS BRONZE, DISC DUCTILE IRON EPDM ENCAPSULATED, SS304 PIN,UL LISTED/FM APPROVED","8""",8,-,-,-,FF,125,0,0,CKV413C3J2G,-,-,-,-
CS1SC2,VL,CHS,7,"Swing Check Valve Flanged Ends, MSS SP-136, ASTM A536 Grade 65-45-12, Class 125, Installation: Horizontal or Vertical, FF, Ends as per ASME B16.1, Bolted Cover, Non Metallic Flat Gasket EPDM, Seats: Bronze, Disc: Ductile Iron EPDM Encapsulated, AISI 304 Pin,UL LISTED/FM APPROVED","SWING CHECK VALVE FL, MSS SP-136, A536 Gr 65-45-12, CL 125, INST HORIZ/VERT, FF, B16.1, BOLTED COVER, NON METALLIC FLAT GASKET EPDM, SEATS BRONZE, DISC DUCTILE IRON EPDM ENCAPSULATED, SS304 PIN,UL LISTED/FM APPROVED","10""",10,-,-,-,FF,125,0,0,CKV413C3J2G,-,-,-,-
CS1SC2,VL,CHS,7,"Swing Check Valve Flanged Ends, MSS SP-136, ASTM A536 Grade 65-45-12, Class 125, Installation: Horizontal or Vertical, FF, Ends as per ASME B16.1, Bolted Cover, Non Metallic Flat Gasket EPDM, Seats: Bronze, Disc: Ductile Iron EPDM Encapsulated, AISI 304 Pin,UL LISTED/FM APPROVED","SWING CHECK VALVE FL, MSS SP-136, A536 Gr 65-45-12, CL 125, INST HORIZ/VERT, FF, B16.1, BOLTED COVER, NON METALLIC FLAT GASKET EPDM, SEATS BRONZE, DISC DUCTILE IRON EPDM ENCAPSULATED, SS304 PIN,UL LISTED/FM APPROVED","12""",12,-,-,-,FF,125,0,0,CKV413C3J2G,-,-,-,-
CS1SC2,VL,GAT,7,"Gate Valve Threaded Ends, MSS SP-80, ASTM B62 UNS C83600, Class 150, NPTF Ends, Ends as per ASME B1.20.1, Screwed Bonnet, Packing: Lubricated Fiber / Graphite, Bronze stem, seat rings & disc, Integral Seats, Solid Wedge, Stem: OS & Y/RSNRO, HO","GATE VALVE THD, MSS SP-80, B62 UNS C83600, CL 150, NPTF, B1.20.1, SCREWED BONNET, PKG LUBRICATED FIBER/GRAPH, BRONZE STEM, SEAT RINGS&DISC, S, SOLID WEDGE, STEM OS&Y/RSNRO, HO","1/2""",0.5,-,-,-,TE,150,1.04,0,GAV41H4J2G,-,-,-,-
CS1SC2,VL,GAT,7,"Gate Valve Threaded Ends, MSS SP-80, ASTM B62 UNS C83600, Class 150, NPTF Ends, Ends as per ASME B1.20.1, Screwed Bonnet, Packing: Lubricated Fiber / Graphite, Bronze stem, seat rings & disc, Integral Seats, Solid Wedge, Stem: OS & Y/RSNRO, HO","GATE VALVE THD, MSS SP-80, B62 UNS C83600, CL 150, NPTF, B1.20.1, SCREWED BONNET, PKG LUBRICATED FIBER/GRAPH, BRONZE STEM, SEAT RINGS&DISC, S, SOLID WEDGE, STEM OS&Y/RSNRO, HO","3/4""",0.75,-,-,-,TE,150,0,0,GAV41H4J2G,-,-,-,-
CS1SC2,VL,GAT,7,"Gate Valve Threaded Ends, MSS SP-80, ASTM B62 UNS C83600, Class 150, NPTF Ends, Ends as per ASME B1.20.1, Screwed Bonnet, Packing: Lubricated Fiber / Graphite, Bronze stem, seat rings & disc, Integral Seats, Solid Wedge, Stem: OS & Y/RSNRO, HO","GATE VALVE THD, MSS SP-80, B62 UNS C83600, CL 150, NPTF, B1.20.1, SCREWED BONNET, PKG LUBRICATED FIBER/GRAPH, BRONZE STEM, SEAT RINGS&DISC, S, SOLID WEDGE, STEM OS&Y/RSNRO, HO","1""",1,-,-,-,TE,150,0,0,GAV41H4J2G,-,-,-,-
CS1SC2,VL,GAT,7,"Gate Valve Threaded Ends, MSS SP-80, ASTM B62 UNS C83600, Class 150, NPTF Ends, Ends as per ASME B1.20.1, Screwed Bonnet, Packing: Lubricated Fiber / Graphite, Bronze stem, seat rings & disc, Integral Seats, Solid Wedge, Stem: OS & Y/RSNRO, HO","GATE VALVE THD, MSS SP-80, B62 UNS C83600, CL 150, NPTF, B1.20.1, SCREWED BONNET, PKG LUBRICATED FIBER/GRAPH, BRONZE STEM, SEAT RINGS&DISC, S, SOLID WEDGE, STEM OS&Y/RSNRO, HO","1-1/2""",1.5,-,-,-,TE,150,0,0,GAV41H4J2G,-,-,-,-
CS1SC2,VL,GAT,7,"Gate Valve Flanged Ends, MSS SP-128 Type II, ASTM A536 Grade 65-45-12, Class 125, FF, Ends as per ASME B16.1, Bolted Bonnet, Non Metallic Flat Gasket EPDM, Packing: EPDM, Solid Wedge, Wedge: ductile Iron EPDM Encapsulated, Stem: Bronze, OS & Y/RSNRO, HO, Bonnet Bolting as per Manufacturer's STD with surface protection, UL LISTED/FM APPROVED","GATE VALVE FL, MSS SP-128 TYPE II, A536 Gr 65-45-12, CL 125, FF, B16.1, BB, NON METALLIC FLAT GASKET EPDM, PKG EPDM, SOLID WEDGE, WEDGE DUCTILE IRON EPDM ENCAPSULATED, STEM BRONZE, OS&Y/RSNRO, HO, UL LISTED/FM APPROVED","2""",2,-,-,-,FF,150,19,0,GAV413C3J2G,-,-,-,-
CS1SC2,VL,GAT,7,"Hose Gate Valve Threaded Ends, MSS SP-80, ASTM B62 UNS C83600, 300 PSI CWP, FNPT x NH w/Cap and Chain, FNPT ends as per ASME B1.20.1 and NH ends as per NFPA 1963, Screwed Bonnet, Packing: Non Asbestos Aramid Fibers w/Graphite, Solid Wedge, Wedge: ASTM B62, Seat & Stem: Bronze, Non Rising Stem, HO, UL LISTED/FM APPROVED","HOSE GATE VALVE THD, MSS SP-80, B62 UNS C83600, 300 PSI CWP, FNPT X NH W/CAP AND CHAIN, FNPT B1.20.1 AND NH NFPA 1963, SCREWED BONNET, PKG NON ASBESTOS, SOLID WEDGE, WEDGE B62, SEAT&STEM BRONZE, NON RISING STEM, HO, UL LISTED/FM APPROVED","2-1/2""",2.5,-,-,-,FNPTxMNH,300 PSI CWP,8.39,0,GAV415J4J2G,-,-,-,-
CS1SC2,VL,GAT,7,"Gate Valve Flanged Ends, MSS SP-128 Type II, ASTM A536 Grade 65-45-12, Class 125, FF, Ends as per ASME B16.1, Bolted Bonnet, Non Metallic Flat Gasket EPDM, Packing: EPDM, Solid Wedge, Wedge: ductile Iron EPDM Encapsulated, Stem: Bronze, OS & Y/RSNRO, HO, Bonnet Bolting as per Manufacturer's STD with surface protection, UL LISTED/FM APPROVED","GATE VALVE FL, MSS SP-128 TYPE II, A536 Gr 65-45-12, CL 125, FF, B16.1, BB, NON METALLIC FLAT GASKET EPDM, PKG EPDM, SOLID WEDGE, WEDGE DUCTILE IRON EPDM ENCAPSULATED, STEM BRONZE, OS&Y/RSNRO, HO, UL LISTED/FM APPROVED","3""",3,-,-,-,FF,125,29,0,GAV413C3J2G,-,-,-,-
CS1SC2,VL,GAT,7,"Gate Valve Flanged Ends, MSS SP-128 Type II, ASTM A536 Grade 65-45-12, Class 125, FF, Ends as per ASME B16.1, Bolted Bonnet, Non Metallic Flat Gasket EPDM, Packing: EPDM, Solid Wedge, Wedge: ductile Iron EPDM Encapsulated, Stem: Bronze, OS & Y/RSNRO, HO, Bonnet Bolting as per Manufacturer's STD with surface protection, UL LISTED/FM APPROVED","GATE VALVE FL, MSS SP-128 TYPE II, A536 Gr 65-45-12, CL 125, FF, B16.1, BB, NON METALLIC FLAT GASKET EPDM, PKG EPDM, SOLID WEDGE, WEDGE DUCTILE IRON EPDM ENCAPSULATED, STEM BRONZE, OS&Y/RSNRO, HO, UL LISTED/FM APPROVED","4""",4,-,-,-,FF,125,44,0,GAV413C3J2G,-,-,-,-
CS1SC2,VL,GAT,7,"Gate Valve Flanged Ends, MSS SP-128 Type II, ASTM A536 Grade 65-45-12, Class 125, FF, Ends as per ASME B16.1, Bolted Bonnet, Non Metallic Flat Gasket EPDM, Packing: EPDM, Solid Wedge, Wedge: ductile Iron EPDM Encapsulated, Stem: Bronze, OS & Y/RSNRO, HO, Bonnet Bolting as per Manufacturer's STD with surface protection, UL LISTED/FM APPROVED","GATE VALVE FL, MSS SP-128 TYPE II, A536 Gr 65-45-12, CL 125, FF, B16.1, BB, NON METALLIC FLAT GASKET EPDM, PKG EPDM, SOLID WEDGE, WEDGE DUCTILE IRON EPDM ENCAPSULATED, STEM BRONZE, OS&Y/RSNRO, HO, UL LISTED/FM APPROVED","6""",6,-,-,-,FF,125,68,0,GAV413C3J2G,-,-,-,-
CS1SC2,VL,GAT,7,"Gate Valve Flanged Ends, MSS SP-128 Type II, ASTM A536 Grade 65-45-12, Class 125, FF, Ends as per ASME B16.1, Bolted Bonnet, Non Metallic Flat Gasket EPDM, Packing: EPDM, Solid Wedge, Wedge: ductile Iron EPDM Encapsulated, Stem: Bronze, OS & Y/RSNRO, HO, Bonnet Bolting as per Manufacturer's STD with surface protection, UL LISTED/FM APPROVED","GATE VALVE FL, MSS SP-128 TYPE II, A536 Gr 65-45-12, CL 125, FF, B16.1, BB, NON METALLIC FLAT GASKET EPDM, PKG EPDM, SOLID WEDGE, WEDGE DUCTILE IRON EPDM ENCAPSULATED, STEM BRONZE, OS&Y/RSNRO, HO, UL LISTED/FM APPROVED","8""",8,-,-,-,FF,125,104,0,GAV413C3J2G,-,-,-,-
CS1SC2,VL,GAT,7,"Gate Valve Flanged Ends, MSS SP-128 Type II, ASTM A536 Grade 65-45-12, Class 125, FF, Ends as per ASME B16.1, Bolted Bonnet, Non Metallic Flat Gasket EPDM, Packing: EPDM, Solid Wedge, Wedge: ductile Iron EPDM Encapsulated, Stem: Bronze, OS & Y/RSNRO, HO, Bonnet Bolting as per Manufacturer's STD with surface protection, UL LISTED/FM APPROVED","GATE VALVE FL, MSS SP-128 TYPE II, A536 Gr 65-45-12, CL 125, FF, B16.1, BB, NON METALLIC FLAT GASKET EPDM, PKG EPDM, SOLID WEDGE, WEDGE DUCTILE IRON EPDM ENCAPSULATED, STEM BRONZE, OS&Y/RSNRO, HO, UL LISTED/FM APPROVED","10""",10,-,-,-,FF,125,158,0,GAV413C3J2G,-,-,-,-
CS1SC2,VL,GAT,7,"Gate Valve Flanged Ends, MSS SP-128 Type II, ASTM A536 Grade 65-45-12, Class 125, FF, Ends as per ASME B16.1, Bolted Bonnet, Non Metallic Flat Gasket EPDM, Packing: EPDM, Solid Wedge, Wedge: ductile Iron EPDM Encapsulated, Stem: Bronze, OS & Y/RSNRO, HO, Bonnet Bolting as per Manufacturer's STD with surface protection, UL LISTED/FM APPROVED","GATE VALVE FL, MSS SP-128 TYPE II, A536 Gr 65-45-12, CL 125, FF, B16.1, BB, NON METALLIC FLAT GASKET EPDM, PKG EPDM, SOLID WEDGE, WEDGE DUCTILE IRON EPDM ENCAPSULATED, STEM BRONZE, OS&Y/RSNRO, HO, UL LISTED/FM APPROVED","12""",12,-,-,-,FF,125,216,0,GAV413C3J2G,-,-,-,-
CS1SC2,VL,GAT,7,-,-,"4""",4,-,-,-,FF,125,0,0,GAV416C3J2G,-,-,-,-
CS1SC2,VL,GAT,7,-,-,"6""",6,-,-,-,FF,125,0,0,GAV416C3J2G,-,-,-,-
CS1SC2,VL,GAT,7,-,-,"8""",8,-,-,-,FF,125,0,0,GAV416C3J2G,-,-,-,-
CS1SC2,VL,GAT,7,-,-,"10""",10,-,-,-,FF,125,0,0,GAV416C3J2G,-,-,-,-
CS1SC2,VL,GAT,7,-,-,"12""",12,-,-,-,FF,125,0,0,GAV416C3J2G,-,-,-,-
CS1SC2,VL,GLB,7,-,-,"1/2""",0.5,-,-,-,TE,150,0,0,GLV41H4J2G,-,-,-,-
CS1SC2,VL,GLB,7,-,-,"3/4""",0.75,-,-,-,TE,150,0,0,GLV41H4J2G,-,-,-,-
CS1SC2,VL,GLB,7,-,-,"1""",1,-,-,-,TE,150,0,0,GLV41H4J2G,-,-,-,-
CS1SC2,VL,GLB,7,-,-,"1-1/2""",1.5,-,-,-,TE,150,0,0,GLV41H4J2G,-,-,-,-
CS1SC2,VL,GLB,7,-,-,"2""",2,-,-,-,TE,150,0,0,GLV41H4J2G,-,-,-,-
CS1SC2,VL,GLB,7,"Angle Hose Valve Threaded Ends, MSS SP-80, ASTM B62 UNS C83600, 300 PSI CWP, FNPT x NH w/Cap and Chain, FNPT ends as per ASME B1.20.1 and NH ends as per NFPA 1963, Screw-in Bonnet, Renewable Disc, Integral Seat, Seat Disc: Rubber, Packing: Non Asbestos Aramid Fibers w/Graphite, Disc & Stem: Bronze, Rising Stem, HO, UL LISTED/FM APPROVED,","ANGLE HOSE VALVE THD, MSS SP-80, B62 UNS C83600, 300 PSI CWP, FNPT X NH W/CAP AND CHAIN, FNPT B1.20.1 AND NH NFPA 1963, SCREW-IN BONNET, RENEWABLE DISC, PKG NON ASBESTOS, DISC&STEM BRONZE, RISING STEM, HO, UL LISTED/FM APPROVED","1-1/2""",1.5,-,-,-,FNPTxMNH,300 PSI CWP,0,0,GLV415J4J2G,-,-,-,-
CS1SC2,VL,GLB,7,"Angle Hose Valve Threaded Ends, MSS SP-80, ASTM B62 UNS C83600, 300 PSI CWP, FNPT x NH w/Cap and Chain, FNPT ends as per ASME B1.20.1 and NH ends as per NFPA 1963, Screw-in Bonnet, Renewable Disc, Integral Seat, Seat Disc: Rubber, Packing: Non Asbestos Aramid Fibers w/Graphite, Disc & Stem: Bronze, Rising Stem, HO, UL LISTED/FM APPROVED,","ANGLE HOSE VALVE THD, MSS SP-80, B62 UNS C83600, 300 PSI CWP, FNPT X NH W/CAP AND CHAIN, FNPT B1.20.1 AND NH NFPA 1963, SCREW-IN BONNET, RENEWABLE DISC, PKG NON ASBESTOS, DISC&STEM BRONZE, RISING STEM, HO, UL LISTED/FM APPROVED","2-1/2""",2.5,-,-,-,FNPTxMNH,300 PSI CWP,7.08,0,GLV415J4J2G,-,-,-,-
CS1SC2,VL,GLB,7,-,-,"3""",3,-,-,-,FF,150,0,0,,-,-,-,-
CS1SC2,VL,GLB,7,-,-,"4""",4,-,-,-,FF,150,0,0,,-,-,-,-
CS1SC2,VL,GLB,7,-,-,"6""",6,-,-,-,FF,150,0,0,,-,-,-,-
CS1SC2,VL,GLB,7,-,-,"8""",8,-,-,-,FF,150,0,0,,-,-,-,-
CS1SC2,VL,GLB,7,-,-,"10""",10,-,-,-,FF,150,0,0,,-,-,-,-
CS1SC2,VL,GLB,7,-,-,"12""",12,-,-,-,FF,150,0,0,,-,-,-,-
CS1SC2,FT,NIP,2,"ASTM A53 Gr.B, Seamless, Nipple, L = 100mm,
ASME B36.10, PE","NIPPLE, SEAMLESS, CS, ASTM A53 Gr.B, ASME B36.10, PE, SCH XXS L= 100 mm","1/2""",0.5,100mm,100mm,XXS,PE,-,0.255,0,-,-,-,-,-
CS1SC2,FT,NIP,2,"ASTM A53 Gr.B, Seamless, Nipple, L = 100mm,
ASME B36.10, PE","NIPPLE, SEAMLESS, CS, ASTM A53 Gr.B, ASME B36.10, PE, SCH 160 L= 100 mm","3/4""",0.75,100mm,100mm,160,PE,-,0.29,0,-,-,-,-,-
CS1SC2,FT,NIP,2,"ASTM A53 Gr.B, Seamless, Nipple, L = 100mm,
ASME B36.10, PE","NIPPLE, SEAMLESS, CS, ASTM A53 Gr.B, ASME B36.10, PE, SCH 160 L= 100 mm","1""",1,100mm,100mm,160,PE,-,0.424,0,-,-,-,-,-
CS1SC2,FT,NIP,2,"ASTM A53 Gr.B, Seamless, Nipple, L = 100mm,
ASME B36.10, PE","NIPPLE, SEAMLESS, CS, ASTM A53 Gr.B, ASME B36.10, PE, SCH 160 L= 100 mm","1-1/2""",1.5,100mm,100mm,160,PE,-,0.725,0,-,-,-,-,-
CS1SC2,FT,NIP,2,"ASTM A53 Gr.B, Seamless, Nipple, L = 100mm,
ASME B36.10, PE","NIPPLE, SEAMLESS, CS, ASTM A53 Gr.B, ASME B36.10, PE, SCH 160 L= 100 mm","2""",2,100mm,100mm,160,PE,-,1.111,0,-,-,-,-,-
CS1SC2,FT,NIP,2,"ASTM A53 Gr.B, Seamless, Nipple, L = 100mm,
ASME B36.10, PE","NIPPLE, SEAMLESS, CS, ASTM A53 Gr.B, ASME B36.10, PE, SCH 160 L= 100 mm","2-1/2""",2.5,100mm,100mm,160,PE,-,1.492,0,-,-,-,-,-
CS1SC2,FT,NIP,2,"ASTM A53 Gr.B, Seamless, Nipple, L = 100mm,
ASME B36.10, PE","NIPPLE, SEAMLESS, CS, ASTM A53 Gr.B, ASME B36.10, PE, SCH XXS L= 100 mm","1/2""",0.5,100mm,100mm,XXS,PExTE,-,0.255,0,PExTE,-,-,-,-
CS1SC2,FT,NIP,2,"ASTM A53 Gr.B, Seamless, Nipple, L = 100mm,
ASME B36.10, PE","NIPPLE, SEAMLESS, CS, ASTM A53 Gr.B, ASME B36.10, PE, SCH 160 L= 100 mm","3/4""",0.75,100mm,100mm,160,PExTE,-,0.29,0,PExTE,-,-,-,-
CS1SC2,FT,NIP,2,"ASTM A53 Gr.B, Seamless, Nipple, L = 100mm,
ASME B36.10, PE","NIPPLE, SEAMLESS, CS, ASTM A53 Gr.B, ASME B36.10, PE, SCH 160 L= 100 mm","1""",1,100mm,100mm,160,PExTE,-,0.424,0,PExTE,-,-,-,-
CS1SC2,FT,NIP,2,"ASTM A53 Gr.B, Seamless, Nipple, L = 100mm,
ASME B36.10, PE","NIPPLE, SEAMLESS, CS, ASTM A53 Gr.B, ASME B36.10, PE, SCH 160 L= 100 mm","1-1/2""",1.5,100mm,100mm,160,PExTE,-,0.725,0,PExTE,-,-,-,-
CS1SC2,FT,NIP,2,"ASTM A53 Gr.B, Seamless, Nipple, L = 100mm,
ASME B36.10, PE","NIPPLE, SEAMLESS, CS, ASTM A53 Gr.B, ASME B36.10, PE, SCH 160 L= 100 mm","2""",2,100mm,100mm,160,PExTE,-,1.111,0,PExTE,-,-,-,-
CS1SC2,FT,NIP,2,"ASTM A53 Gr.B, Seamless, Nipple, L = 100mm,
ASME B36.10, PE","NIPPLE, SEAMLESS, CS, ASTM A53 Gr.B, ASME B36.10, PE, SCH 160 L= 100 mm","2-1/2""",2.5,100mm,100mm,160,PExTE,-,1.492,0,PExTE,-,-,-,-
CS1SC2,MS,F8,6,-,-,"1/2""",0.5,-,-,-,FF,150,0,0,-,-,-,-,-
CS1SC2,MS,F8,6,-,-,"3/4""",0.75,-,-,-,FF,150,0,0,-,-,-,-,-
CS1SC2,MS,F8,6,-,-,"1""",1,-,-,-,FF,150,0,0,-,-,-,-,-
CS1SC2,MS,F8,6,-,-,"1-1/2""",1.5,-,-,-,FF,150,0,0,-,-,-,-,-
CS1SC2,MS,F8,6,-,-,"2""",2,-,-,-,FF,150,0,0,-,-,-,-,-
CS1SC2,MS,F8,6,-,-,"4""",4,-,-,-,FF,150,0,0,-,-,-,-,-
CS1SC2,MS,F8,6,-,-,"6""",6,-,-,-,FF,150,0,0,-,-,-,-,-
CS1SC2,MS,F8,6,-,-,"8""",8,-,-,-,FF,150,0,0,-,-,-,-,-
CS1SC2,MS,F8,6,-,-,"10""",10,-,-,-,FF,150,0,0,-,-,-,-,-
CS1SC2,MS,F8,6,-,-,"12""",12,-,-,-,FF,150,0,0,-,-,-,-,-