,LINE_NUM,QTY,common_index,SPEC,TYPE,TYPE_CODE,ORDER,DESCRIPTION,FIRST_SIZE,FIRST_SIZE_NUMBER,SECOND_SIZE,SECOND_SIZE_NUMBER,SCH,FACE,RATING,WEIGHT,AREA,TAG,SUPPLY_CODE,SUPPLY_TITLE,SUPPLY_DESCRIPTION,UNITS
0,"CS2SA1-1 1_2""-DRE-1-5-015",1,"CS2SA1 BAL 1-1/2"" - BAV24G0I1C",CS2SA1,VL,BAL,7,"BALL VALVE W/INTEGRAL WELDED 2 NIPPLES, FB, FLOATING BALL, API 608, API 598, A105, CL 800, SW W/2 PE NIPPLES, MNF STD, SS316 BALL, SS316 STEM, 2 OR 3 PCS SPLIT BODY SIDE ENTRY, API 607, LO","1-1/2""",1.5,-,-,-,SW,800,6.1,0.0,BAV24G0I1C,4.3,VALVULAS DE BOLA ,,e.a
1,"CS2SA1-1 1_2""-DRE-1-5-015",1,"CS2SA1 TEE 1-1/2"" - -",CS2SA1,FT,TEE,2,"STRAIGHT TEE, CS, ASTM A105, ASME B16.11, SW, CLASS 3000","1-1/2""",1.5,-,-,-,SW,3000,1.35,0.0,-,4.2,SUMINISTRO DE TEE END ASME B16.11 SW 3000,"SUMINISTRO DE TEE END ASME B16.11 SW 3000# FORGED ASTM A105, 1½ """,e.a
2,"CS2SA1-1 1_2""-DRE-1-5-015",1,"CS5SA1 90L 1-1/2"" - -",CS5SA1,FT,90L,2,"ELBOW 90 DEG, CS, ASTM A105, ASME B16.11, SW, CLASS 3000","1-1/2""",1.5,-,-,-,SW,3000,0.96,0.0,-,4.2,SUMINISTRO DE 90 DEGREE ELBOW FEMALE END ASME B16.11 SW 3000,"SUMINISTRO DE 90 DEGREE ELBOW FEMALE END ASME B16.11 SW 3000# FORGED ASTM A105, 1½ """,e.a
3,"CS2SA1-1 1_2""-DRE-1-5-015",1,"CS5SA1 PE 1-1/2"" - -",CS5SA1,PP,PE,1,"PIPE, SEAMLESS, CS, ASTM A333 Gr.6, ASME B36.10, PE, SCH 80","1-1/2""",1.5,-,-,80,PE,-,5.41,48.3,-,4.2,SUMINISTRO DE TUBERÍAS Y ACCESORIOS,,m
4,"CS2SA1-2""-ALV-1-5-013",1,"CS2SA1 45L 2"" - -",CS2SA1,FT,45L,2,"ELBOW 45 DEG LR, SEAMLESS, CS, ASTM A234 Gr.WPB, ASME B16.9, BW, SCH 40","2""",2.0,-,-,40,BW,-,0.32,0.0,-,4.2,SUMINISTRO DE 45 DEGREE ELBOW LR ASME B16.9 BW WROUGHT S ASTM A234,,e.a
5,"CS2SA1-2""-ALV-1-5-013",1,"CS2SA1 90L 2"" - -",CS2SA1,FT,90L,2,"ELBOW 90 DEG LR, SEAMLESS, CS, ASTM A234 Gr.WPB, ASME B16.9, BW, SCH 40","2""",2.0,-,-,40,BW,-,0.65,0.0,-,4.2,SUMINISTRO DE 90 DEGREE ELBOW LR ASME B16.9 BW WROUGHT S,,e.a
6,"CS2SA1-2""-ALV-1-5-013",2,"CS2SA1 BAL 3/4"" - BAV24G0I1C",CS2SA1,VL,BAL,7,"BALL VALVE W/INTEGRAL WELDED 2 NIPPLES, FB, FLOATING BALL, API 608, API 598, A105, CL 800, SW W/2 PE NIPPLES, MNF STD, SS316 BALL, SS316 STEM, 2 OR 3 PCS SPLIT BODY SIDE ENTRY, API 607, LO","3/4""",0.75,-,-,-,SW,800,2.4,0.0,BAV24G0I1C,4.3,VALVULAS DE BOLA ,,e.a
7,"CS2SA1-2""-ALV-1-5-013",5,"CS2SA1 BE 2"" - -",CS2SA1,PP,BE,1,"PIPE, SEAMLESS, CS, ASTM A106 Gr.B, ASME B36.10, BE, SCH 40","2""",2.0,-,-,40,BE,-,5.44,60.3,-,4.2,SUMINISTRO DE TUBERÍAS Y ACCESORIOS,,m
8,"CS2SA1-2""-ALV-1-5-013",8,"CS2SA1 BOLT 2"" - -",CS2SA1,BL,BOLT,5,"STUD BOLTS W/2 HVY HEX NUTS, CS, A193 Gr.B7/A194 Gr.2H, ASME B18.2.1/B18.2.2","2""",2.0,-,-,-,RF,150,0.0,0.0,-,4.4,SUMINISTRO DE ESPARRAGOS,,e.a
9,"CS2SA1-2""-ALV-1-5-013",2,"CS2SA1 CAP 3/4"" - -",CS2SA1,FT,CAP,2,"CAP, CS, ASTM A105, ASME B16.11, SW, CLASS 3000","3/4""",0.75,-,-,-,SW,3000,0.14,0.0,-,,,,e.a
10,"CS2SA1-2""-ALV-1-5-013",1,"CS2SA1 GAS 1"" - -",CS2SA1,GS,GAS,4,"SPIRAL WOUND GASKET, SS, AISI 304/GRAPHITE, ASME B16.20, THK 1/8"", CLASS 150, RF","1""",1.0,-,-,-,RF,150,0.047,0.0,-,,,,e.a
11,"CS2SA1-2""-ALV-1-5-013",3,"CS2SA1 GAS 2"" - -",CS2SA1,GS,GAS,4,"SPIRAL WOUND GASKET, SS, AISI 304/GRAPHITE, ASME B16.20, THK 1/8"", CLASS 150, RF","2""",2.0,-,-,-,RF,150,0.097,0.0,-,,,,e.a
12,"CS2SA1-2""-ALV-1-5-013",2,"CS2SA1 SOL 2"" 3/4"" -",CS2SA1,FT,SOL,2,"SOCKOLET, CS, ASTM A105, MSS SP-97, SW, CLASS 3000","2""",2.0,"3/4""",0.75,-,SW,3000,0.15,0.0,-,,,,e.a
13,"CS2SA1-2""-ALV-1-5-013",1,"CS2SA1 SW 1"" - -",CS2SA1,FL,SW,3,"SOCKETWELD FLANGE, CS, ASTM A105, ASME B16.5, CLASS 150, RF","1""",1.0,-,-,-,RF,150,0.9,0.0,-,4.2,,,e.a
14,"CS2SA1-2""-ALV-1-5-013",1,"CS2SA1 TEE 2"" - -",CS2SA1,FT,TEE,2,"STRAIGHT TEE, SEAMLESS, CS, ASTM A234 Gr.WPB, ASME B16.9, BW, SCH 40","2""",2.0,-,-,40,BW,-,1.9,0.0,-,4.2,SUMINISTRO DE TEE END ASME B16.9 BW,,e.a
15,"CS2SA1-2""-ALV-1-5-013",3,"CS2SA1 WNK 2"" - -",CS2SA1,FL,WNK,3,"WELD NECK FLANGE, CS, ASTM A105, ASME B16.5, CLASS 150, RF, SCH 40","2""",2.0,-,-,40,RF,150,2.55,0.0,-,4.2,,,e.a
16,"CS2SA1-2""-ALV-1-5-013",4,"CS5SA1 BOLT 1"" - -",CS5SA1,BL,BOLT,5,"STUD BOLTS W/2 HVY HEX NUTS, CS, A193 Gr.B7/A194 Gr.2H, ASME B18.2.1/B18.2.2","1""",1.0,-,-,-,RF,1500,0.0,0.0,-,4.4,SUMINISTRO DE ESPARRAGOS,,e.a
17,"CS2SA1-2""-ALV-1-5-013",8,"CS5SA1 BOLT 2"" - -",CS5SA1,BL,BOLT,5,"STUD BOLTS W/2 HVY HEX NUTS, CS, A193 Gr.B7/A194 Gr.2H, ASME B18.2.1/B18.2.2","2""",2.0,-,-,-,RF,1500,0.0,0.0,-,4.4,SUMINISTRO DE ESPARRAGOS,,e.a
18,"CS2SA1-2""-ALV-1-5-014",1,"CS2SA1 45L 2"" - -",CS2SA1,FT,45L,2,"ELBOW 45 DEG LR, SEAMLESS, CS, ASTM A234 Gr.WPB, ASME B16.9, BW, SCH 40","2""",2.0,-,-,40,BW,-,0.32,0.0,-,4.2,SUMINISTRO DE 45 DEGREE ELBOW LR ASME B16.9 BW WROUGHT S ASTM A234,,e.a
19,"CS2SA1-2""-ALV-1-5-014",1,"CS2SA1 90L 2"" - -",CS2SA1,FT,90L,2,"ELBOW 90 DEG LR, SEAMLESS, CS, ASTM A234 Gr.WPB, ASME B16.9, BW, SCH 40","2""",2.0,-,-,40,BW,-,0.65,0.0,-,4.2,SUMINISTRO DE 90 DEGREE ELBOW LR ASME B16.9 BW WROUGHT S,,e.a
20,"CS2SA1-2""-ALV-1-5-014",1,"CS2SA1 BAL 3/4"" - BAV24G0I1C",CS2SA1,VL,BAL,7,"BALL VALVE W/INTEGRAL WELDED 2 NIPPLES, FB, FLOATING BALL, API 608, API 598, A105, CL 800, SW W/2 PE NIPPLES, MNF STD, SS316 BALL, SS316 STEM, 2 OR 3 PCS SPLIT BODY SIDE ENTRY, API 607, LO","3/4""",0.75,-,-,-,SW,800,2.4,0.0,BAV24G0I1C,4.3,VALVULAS DE BOLA ,,e.a
21,"CS2SA1-2""-ALV-1-5-014",1,"CS2SA1 BAL 3/4"" - BAV24G0I1C",CS2SA1,VL,BAL,7,"BALL VALVE W/INTEGRAL WELDED 2 NIPPLES, FB, FLOATING BALL, API 608, API 598, A105, CL 800, SW W/2 PE NIPPLES, MNF STD, SS316 BALL, SS316 STEM, 2 OR 3 PCS SPLIT BODY SIDE ENTRY, API 607, LO","3/4""",0.75,-,-,-,SW,800,2.4,0.0,BAV24G0I1C,4.3,VALVULAS DE BOLA ,,e.a
22,"CS2SA1-2""-ALV-1-5-014",3,"CS2SA1 BE 2"" - -",CS2SA1,PP,BE,1,"PIPE, SEAMLESS, CS, ASTM A106 Gr.B, ASME B36.10, BE, SCH 40","2""",2.0,-,-,40,BE,-,5.44,60.3,-,4.2,SUMINISTRO DE TUBERÍAS Y ACCESORIOS,,m
23,"CS2SA1-2""-ALV-1-5-014",4,"CS2SA1 BOLT 1"" - -",CS2SA1,BL,BOLT,5,"STUD BOLTS W/2 HVY HEX NUTS, CS, A193 Gr.B7/A194 Gr.2H, ASME B18.2.1/B18.2.2","1""",1.0,-,-,-,RF,150,0.0,0.0,-,4.4,SUMINISTRO DE ESPARRAGOS,,e.a
24,"CS2SA1-2""-ALV-1-5-014",8,"CS2SA1 BOLT 2"" - -",CS2SA1,BL,BOLT,5,"STUD BOLTS W/2 HVY HEX NUTS, CS, A193 Gr.B7/A194 Gr.2H, ASME B18.2.1/B18.2.2","2""",2.0,-,-,-,RF,150,0.0,0.0,-,4.4,SUMINISTRO DE ESPARRAGOS,,e.a
25,"CS2SA1-2""-ALV-1-5-014",2,"CS2SA1 CAP 3/4"" - -",CS2SA1,FT,CAP,2,"CAP, CS, ASTM A105, ASME B16.11, SW, CLASS 3000","3/4""",0.75,-,-,-,SW,3000,0.14,0.0,-,,,,e.a
26,"CS2SA1-2""-ALV-1-5-014",1,"CS2SA1 GAS 1"" - -",CS2SA1,GS,GAS,4,"SPIRAL WOUND GASKET, SS, AISI 304/GRAPHITE, ASME B16.20, THK 1/8"", CLASS 150, RF","1""",1.0,-,-,-,RF,150,0.047,0.0,-,,,,e.a
27,"CS2SA1-2""-ALV-1-5-014",3,"CS2SA1 GAS 2"" - -",CS2SA1,GS,GAS,4,"SPIRAL WOUND GASKET, SS, AISI 304/GRAPHITE, ASME B16.20, THK 1/8"", CLASS 150, RF","2""",2.0,-,-,-,RF,150,0.097,0.0,-,,,,e.a
28,"CS2SA1-2""-ALV-1-5-014",2,"CS2SA1 SOL 2"" 3/4"" -",CS2SA1,FT,SOL,2,"SOCKOLET, CS, ASTM A105, MSS SP-97, SW, CLASS 3000","2""",2.0,"3/4""",0.75,-,SW,3000,0.15,0.0,-,,,,e.a
29,"CS2SA1-2""-ALV-1-5-014",1,"CS2SA1 SW 1"" - -",CS2SA1,FL,SW,3,"SOCKETWELD FLANGE, CS, ASTM A105, ASME B16.5, CLASS 150, RF","1""",1.0,-,-,-,RF,150,0.9,0.0,-,4.2,,,e.a
30,"CS2SA1-2""-ALV-1-5-014",3,"CS2SA1 WNK 2"" - -",CS2SA1,FL,WNK,3,"WELD NECK FLANGE, CS, ASTM A105, ASME B16.5, CLASS 150, RF, SCH 40","2""",2.0,-,-,40,RF,150,2.55,0.0,-,4.2,,,e.a
31,"CS2SA1-2""-ALV-1-5-014",8,"CS5SA1 BOLT 2"" - -",CS5SA1,BL,BOLT,5,"STUD BOLTS W/2 HVY HEX NUTS, CS, A193 Gr.B7/A194 Gr.2H, ASME B18.2.1/B18.2.2","2""",2.0,-,-,-,RF,1500,0.0,0.0,-,4.4,SUMINISTRO DE ESPARRAGOS,,e.a
32,"CS2SA1-3""-ALV-1-5-012",2,"CS2SA1 90L 3"" - -",CS2SA1,FT,90L,2,"ELBOW 90 DEG LR, SEAMLESS, CS, ASTM A234 Gr.WPB, ASME B16.9, BW, SCH 40","3""",3.0,-,-,40,BW,-,2.03,0.0,-,4.2,SUMINISTRO DE 90 DEGREE ELBOW LR ASME B16.9 BW WROUGHT S,,e.a
33,"CS2SA1-3""-ALV-1-5-012",2,"CS2SA1 BE 3"" - -",CS2SA1,PP,BE,1,"PIPE, SEAMLESS, CS, ASTM A106 Gr.B, ASME B36.10, BE, SCH 40","3""",3.0,-,-,40,BE,-,11.29,88.9,-,4.2,SUMINISTRO DE TUBERÍAS Y ACCESORIOS,,m
34,"CS2SA1-3""-ALV-1-5-012",8,"CS2SA1 BOLT 4"" - -",CS2SA1,BL,BOLT,5,"STUD BOLTS W/2 HVY HEX NUTS, CS, A193 Gr.B7/A194 Gr.2H, ASME B18.2.1/B18.2.2","4""",4.0,-,-,-,RF,150,0.0,0.0,-,4.4,SUMINISTRO DE ESPARRAGOS,,e.a
35,"CS2SA1-3""-ALV-1-5-012",1,"CS2SA1 CRE 4"" 3"" -",CS2SA1,FT,CRE,2,"CONCENTRIC REDUCER, SEAMLESS, CS, ASTM A234 Gr.WPB, ASME B16.9, BW, SCH 40 x 40","4""",4.0,"3""",3,40x40,BW,-,1.6,0.0,-,4.2,SUMINISTRO REDUCCCIONES CONCENTRICAS,"SUMINISTRO DE CONC. REDUCER, SCH 40, BW, ASTM A-234 GR WPB, ASME B16.9 4""X3""",e.a
36,"CS2SA1-3""-ALV-1-5-012",1,"CS2SA1 GAS 4"" - -",CS2SA1,GS,GAS,4,"SPIRAL WOUND GASKET, SS, AISI 304/GRAPHITE, ASME B16.20, THK 1/8"", CLASS 150, RF","4""",4.0,-,-,-,RF,150,0.235,0.0,-,,,,e.a
37,"CS2SA1-3""-ALV-1-5-012",1,"CS2SA1 WNK 4"" - -",CS2SA1,FL,WNK,3,"WELD NECK FLANGE, CS, ASTM A105, ASME B16.5, CLASS 150, RF, SCH 40","4""",4.0,-,-,40,RF,150,7.11,0.0,-,4.2,,,e.a
38,"CS2SA1-3""-ALV-1-5-012",16,"CS5SA1 BOLT 3"" - -",CS5SA1,BL,BOLT,5,"STUD BOLTS W/2 HVY HEX NUTS, CS, A193 Gr.B7/A194 Gr.2H, ASME B18.2.1/B18.2.2","3""",3.0,-,-,-,RF,900,0.0,0.0,-,4.4,SUMINISTRO DE ESPARRAGOS,,e.a
39,"CS2SA1-3""-ALV-1-5-012",2,"CS5SA1 GAS 3"" - -",CS5SA1,GS,GAS,4,"SPIRAL WOUND GASKET, SS, AISI 304/GRAPHITE, ASME B16.20, THK 1/8"", CLASS 900, RF","3""",3.0,-,-,-,RF,900,0.266,0.0,-,,,,e.a
40,"CS2SA1-3""-ALV-1-5-012",2,"CS5SA1 WNK 3"" - -",CS5SA1,FL,WNK,3,"WELD NECK FLANGE, CS, ASTM A105, ASME B16.5, CLASS 900, RF, SCH 80","3""",3.0,-,-,80,RF,900,13.63,0.0,-,4.2,,,e.a
41,"CS2SA1-3/4""-DRE-1-5-003",2,"CS4SA1 90L 3/4"" - -",CS4SA1,FT,90L,2,"ELBOW 90 DEG, CS, ASTM A105, ASME B16.11, SW, CLASS 3000","3/4""",0.75,-,-,-,SW,3000,0.24,0.0,-,4.2,SUMINISTRO DE 90 DEGREE ELBOW FEMALE END ASME B16.11 SW 3000,"SUMINISTRO DE 90 DEGREE ELBOW FEMALE END ASME B16.11 SW 3000# FORGED ASTM A105, 3/4 """,e.a
42,"CS2SA1-3/4""-DRE-1-5-003",1,"CS4SA1 BAL 3/4"" - BAV24G0I1C",CS4SA1,VL,BAL,7,"BALL VALVE W/INTEGRAL WELDED 2 NIPPLES, FB, FLOATING BALL, API 608, API 598, A105, CL 800, SW W/2 PE NIPPLES, MNF STD, SS316 BALL, SS316 STEM, 2 OR 3 PCS SPLIT BODY SIDE ENTRY, API 607, LO","3/4""",0.75,-,-,-,SW,800,2.4,0.0,BAV24G0I1C,4.3,VALVULAS DE BOLA ,,e.a
43,"CS2SA1-3/4""-DRE-1-5-003",1,"CS4SA1 PE 3/4"" - -",CS4SA1,PP,PE,1,"PIPE, SEAMLESS, CS, ASTM A106 Gr.B, ASME B36.10, PE, SCH 160","3/4""",0.75,-,-,160,PE,-,2.9,26.7,-,4.2,SUMINISTRO DE TUBERÍAS Y ACCESORIOS,,m
44,"CS2SA1-3/4""-DRE-1-5-003",1,"CS4SA1 NIP 3/4"" 100mm -",CS4SA1,FT,NIP,2,"NIPPLE, SEAMLESS, CS, ASTM A106 Gr.B, ASME B36.10, PE, SCH 160 L= 100 mm","3/4""",0.75,100mm,100mm,160,PE,-,0.29,0.0,-,,,,e.a
45,"CS2SA1-3/4""-DRE-1-5-003",1,"CS4SA1 TEE 3/4"" - -",CS4SA1,FT,TEE,2,"STRAIGHT TEE, CS, ASTM A105, ASME B16.11, SW, CLASS 3000","3/4""",0.75,-,-,-,SW,3000,0.33,0.0,-,4.2,SUMINISTRO DE TEE END ASME B16.11 SW 3000,"SUMINISTRO DE TEE ENDASME B16.11 SW 3000# FORGED ASTM A105, 3/4 """,e.a
46,"CS2SA1-3/4""-DRE-1-5-006",3,"CS4SA1 90L 3/4"" - -",CS4SA1,FT,90L,2,"ELBOW 90 DEG, CS, ASTM A105, ASME B16.11, SW, CLASS 3000","3/4""",0.75,-,-,-,SW,3000,0.24,0.0,-,4.2,SUMINISTRO DE 90 DEGREE ELBOW FEMALE END ASME B16.11 SW 3000,"SUMINISTRO DE 90 DEGREE ELBOW FEMALE END ASME B16.11 SW 3000# FORGED ASTM A105, 3/4 """,e.a
47,"CS2SA1-3/4""-DRE-1-5-006",1,"CS4SA1 BAL 3/4"" - BAV24G0I1C",CS4SA1,VL,BAL,7,"BALL VALVE W/INTEGRAL WELDED 2 NIPPLES, FB, FLOATING BALL, API 608, API 598, A105, CL 800, SW W/2 PE NIPPLES, MNF STD, SS316 BALL, SS316 STEM, 2 OR 3 PCS SPLIT BODY SIDE ENTRY, API 607, LO","3/4""",0.75,-,-,-,SW,800,2.4,0.0,BAV24G0I1C,4.3,VALVULAS DE BOLA ,,e.a
48,"CS2SA1-3/4""-DRE-1-5-006",2,"CS4SA1 PE 3/4"" - -",CS4SA1,PP,PE,1,"PIPE, SEAMLESS, CS, ASTM A106 Gr.B, ASME B36.10, PE, SCH 160","3/4""",0.75,-,-,160,PE,-,2.9,26.7,-,4.2,SUMINISTRO DE TUBERÍAS Y ACCESORIOS,,m
49,"CS2SA1-3/4""-DRE-1-5-006",1,"CS4SA1 NIP 3/4"" 100mm -",CS4SA1,FT,NIP,2,"NIPPLE, SEAMLESS, CS, ASTM A106 Gr.B, ASME B36.10, PE, SCH 160 L= 100 mm","3/4""",0.75,100mm,100mm,160,PE,-,0.29,0.0,-,,,,e.a
50,"CS2SA1-3/4""-DRE-1-5-007",1,"CS2SA1 GAS 3/4"" - -",CS2SA1,GS,GAS,4,"SPIRAL WOUND GASKET, SS, AISI 304/GRAPHITE, ASME B16.20, THK 1/8"", CLASS 150, RF","3/4""",0.75,-,-,-,RF,150,0.035,0.0,-,,,,e.a
51,"CS2SA1-3/4""-DRE-1-5-007",2,"CS2SA1 PE 3/4"" - -",CS2SA1,PP,PE,1,"PIPE, SEAMLESS, CS, ASTM A106 Gr.B, ASME B36.10, PE, SCH 80","3/4""",0.75,-,-,80,PE,-,2.2,26.7,-,4.2,SUMINISTRO DE TUBERÍAS Y ACCESORIOS,,m
52,"CS2SA1-3/4""-DRE-1-5-007",1,"CS2SA1 SW 3/4"" - -",CS2SA1,FL,SW,3,"SOCKETWELD FLANGE, CS, ASTM A105, ASME B16.5, CLASS 150, RF","3/4""",0.75,-,-,-,RF,150,0.9,0.0,-,4.2,,,e.a
53,"CS2SA1-3/4""-DRE-1-5-007",1,"CS4SA1 90L 3/4"" - -",CS4SA1,FT,90L,2,"ELBOW 90 DEG, CS, ASTM A105, ASME B16.11, SW, CLASS 3000","3/4""",0.75,-,-,-,SW,3000,0.24,0.0,-,4.2,SUMINISTRO DE 90 DEGREE ELBOW FEMALE END ASME B16.11 SW 3000,"SUMINISTRO DE 90 DEGREE ELBOW FEMALE END ASME B16.11 SW 3000# FORGED ASTM A105, 3/4 """,e.a
54,"CS2SA1-3/4""-DRE-1-5-007",2,"CS4SA1 PE 3/4"" - -",CS4SA1,PP,PE,1,"PIPE, SEAMLESS, CS, ASTM A106 Gr.B, ASME B36.10, PE, SCH 160","3/4""",0.75,-,-,160,PE,-,2.9,26.7,-,4.2,SUMINISTRO DE TUBERÍAS Y ACCESORIOS,,m
55,"CS2SA1-3/4""-DRE-1-5-007",1,"CS5SA1 90L 3/4"" - -",CS5SA1,FT,90L,2,"ELBOW 90 DEG, CS, ASTM A105, ASME B16.11, SW, CLASS 3000","3/4""",0.75,-,-,-,SW,3000,0.24,0.0,-,4.2,SUMINISTRO DE 90 DEGREE ELBOW FEMALE END ASME B16.11 SW 3000,"SUMINISTRO DE 90 DEGREE ELBOW FEMALE END ASME B16.11 SW 3000# FORGED ASTM A105, 3/4 """,e.a
56,"CS2SA1-3/4""-DRE-1-5-007",1,"CS5SA1 BAL 3/4"" - BAV26G0I1C",CS5SA1,VL,BAL,7,"BALL VALVE W/INTEGRAL WELDED 2 NIPPLES, FB, FLOATING BALL, B16.34, A105, CL 1500, SW W/2 PE NIPPLES, MNF STD, SS316 BALL, SS316 STEM, 2 OR 3 PCS SPLIT BODY SIDE ENTRY, SEAT RINGS NYLON, API 607, LO","3/4""",0.75,-,-,-,SW,1500,3.2,0.0,BAV26G0I1C,4.3,VALVULAS DE BOLA ,,e.a
57,"CS2SA1-3/4""-DRE-1-5-007",2,"CS5SA1 PE 3/4"" - -",CS5SA1,PP,PE,1,"PIPE, SEAMLESS, CS, ASTM A333 Gr.6, ASME B36.10, PE, SCH 80","3/4""",0.75,-,-,80,PE,-,2.2,26.7,-,4.2,SUMINISTRO DE TUBERÍAS Y ACCESORIOS,,m
58,"CS2SA1-3/4""-DRE-1-5-007",1,"CS5SA1 F8 3/4"" - -",CS5SA1,MS,F8,6,"FIGURE-8 BLANK, CS, ASTM A516 Gr.70 + S5, ASME B16.48, IMPACT TEST AT 32°F ACCORDING TO PARA 423.2.3 OF ASME B31.4 FOR ACCEPTANCE CRITERIA, CLASS 1500, RF","3/4""",0.75,-,-,-,RF,1500,,0.0,-,,,,e.a
59,"CS2SA1-3/4""-DRE-1-5-007",1,"CS5SA1 GAS 3/4"" - -",CS5SA1,GS,GAS,4,"SPIRAL WOUND GASKET, SS, AISI 304/GRAPHITE, ASME B16.20, THK 1/8"", CLASS 1500, RF","3/4""",0.75,-,-,-,RF,1500,0.055,0.0,-,,,,e.a
60,"CS2SA1-3/4""-DRE-1-5-007",1,"CS5SA1 GLB 3/4"" - GLV26F0B2B",CS5SA1,VL,GLB,7,"GLOBE VALVE SW, API 602, API 598, A105, CL 1500, SW, B16.11, BB, SPW SS304/GRAPH, PKG GRAPH, TRIM #8, RENEWABLE SEATS, SWIVEL PLUG DISC, STEM OS&Y/RSRO, HO","3/4""",0.75,-,-,-,SW,1500,4.0,0.0,GLV26F0B2B,4.3,,,e.a
61,"CS2SA1-3/4""-DRE-1-5-007",1,"CS5SA1 NIP 3/4"" 100mm -",CS5SA1,FT,NIP,2,"NIPPLE, SEAMLESS, CS, ASTM A333 Gr.6, ASME B36.10, PE, SCH 160 L= 100 mm","3/4""",0.75,100mm,100mm,160,PE,-,0.29,0.0,-,,,,e.a
62,"CS2SA1-3/4""-DRE-1-5-007",1,"CS5SA1 SW 3/4"" - -",CS5SA1,FL,SW,3,"SOCKETWELD FLANGE, CS, ASTM A105, ASME B16.5, CLASS 1500, RF","3/4""",0.75,-,-,-,RF,1500,2.3,0.0,-,4.2,,,e.a
63,"CS2SA1-3/4""-DRE-1-5-008",1,"CS2SA1 GAS 3/4"" - -",CS2SA1,GS,GAS,4,"SPIRAL WOUND GASKET, SS, AISI 304/GRAPHITE, ASME B16.20, THK 1/8"", CLASS 150, RF","3/4""",0.75,-,-,-,RF,150,0.035,0.0,-,,,,e.a
64,"CS2SA1-3/4""-DRE-1-5-008",2,"CS2SA1 PE 3/4"" - -",CS2SA1,PP,PE,1,"PIPE, SEAMLESS, CS, ASTM A106 Gr.B, ASME B36.10, PE, SCH 80","3/4""",0.75,-,-,80,PE,-,2.2,26.7,-,4.2,SUMINISTRO DE TUBERÍAS Y ACCESORIOS,,m
65,"CS2SA1-3/4""-DRE-1-5-008",1,"CS2SA1 SW 3/4"" - -",CS2SA1,FL,SW,3,"SOCKETWELD FLANGE, CS, ASTM A105, ASME B16.5, CLASS 150, RF","3/4""",0.75,-,-,-,RF,150,0.9,0.0,-,4.2,,,e.a
66,"CS2SA1-3/4""-DRE-1-5-008",1,"CS4SA1 TEE 3/4"" - -",CS4SA1,FT,TEE,2,"STRAIGHT TEE, CS, ASTM A105, ASME B16.11, SW, CLASS 3000","3/4""",0.75,-,-,-,SW,3000,0.33,0.0,-,4.2,SUMINISTRO DE TEE END ASME B16.11 SW 3000,"SUMINISTRO DE TEE ENDASME B16.11 SW 3000# FORGED ASTM A105, 3/4 """,e.a
67,"CS2SA1-3/4""-DRE-1-5-008",1,"CS5SA1 90L 3/4"" - -",CS5SA1,FT,90L,2,"ELBOW 90 DEG, CS, ASTM A105, ASME B16.11, SW, CLASS 3000","3/4""",0.75,-,-,-,SW,3000,0.24,0.0,-,4.2,SUMINISTRO DE 90 DEGREE ELBOW FEMALE END ASME B16.11 SW 3000,"SUMINISTRO DE 90 DEGREE ELBOW FEMALE END ASME B16.11 SW 3000# FORGED ASTM A105, 3/4 """,e.a
68,"CS2SA1-3/4""-DRE-1-5-008",1,"CS5SA1 BAL 3/4"" - BAV26G0I1C",CS5SA1,VL,BAL,7,"BALL VALVE W/INTEGRAL WELDED 2 NIPPLES, FB, FLOATING BALL, B16.34, A105, CL 1500, SW W/2 PE NIPPLES, MNF STD, SS316 BALL, SS316 STEM, 2 OR 3 PCS SPLIT BODY SIDE ENTRY, SEAT RINGS NYLON, API 607, LO","3/4""",0.75,-,-,-,SW,1500,3.2,0.0,BAV26G0I1C,4.3,VALVULAS DE BOLA ,,e.a
69,"CS2SA1-3/4""-DRE-1-5-008",2,"CS5SA1 PE 3/4"" - -",CS5SA1,PP,PE,1,"PIPE, SEAMLESS, CS, ASTM A333 Gr.6, ASME B36.10, PE, SCH 80","3/4""",0.75,-,-,80,PE,-,2.2,26.7,-,4.2,SUMINISTRO DE TUBERÍAS Y ACCESORIOS,,m
70,"CS2SA1-3/4""-DRE-1-5-008",1,"CS5SA1 F8 3/4"" - -",CS5SA1,MS,F8,6,"FIGURE-8 BLANK, CS, ASTM A516 Gr.70 + S5, ASME B16.48, IMPACT TEST AT 32°F ACCORDING TO PARA 423.2.3 OF ASME B31.4 FOR ACCEPTANCE CRITERIA, CLASS 1500, RF","3/4""",0.75,-,-,-,RF,1500,,0.0,-,,,,e.a
71,"CS2SA1-3/4""-DRE-1-5-008",1,"CS5SA1 GAS 3/4"" - -",CS5SA1,GS,GAS,4,"SPIRAL WOUND GASKET, SS, AISI 304/GRAPHITE, ASME B16.20, THK 1/8"", CLASS 1500, RF","3/4""",0.75,-,-,-,RF,1500,0.055,0.0,-,,,,e.a
72,"CS2SA1-3/4""-DRE-1-5-008",1,"CS5SA1 GLB 3/4"" - GLV26F0B2B",CS5SA1,VL,GLB,7,"GLOBE VALVE SW, API 602, API 598, A105, CL 1500, SW, B16.11, BB, SPW SS304/GRAPH, PKG GRAPH, TRIM #8, RENEWABLE SEATS, SWIVEL PLUG DISC, STEM OS&Y/RSRO, HO","3/4""",0.75,-,-,-,SW,1500,4.0,0.0,GLV26F0B2B,4.3,,,e.a
73,"CS2SA1-3/4""-DRE-1-5-008",1,"CS5SA1 NIP 3/4"" 100mm -",CS5SA1,FT,NIP,2,"NIPPLE, SEAMLESS, CS, ASTM A333 Gr.6, ASME B36.10, PE, SCH 160 L= 100 mm","3/4""",0.75,100mm,100mm,160,PE,-,0.29,0.0,-,,,,e.a
74,"CS2SA1-3/4""-DRE-1-5-008",1,"CS5SA1 SOL 6"" 3/4"" -",CS5SA1,FT,SOL,2,"SOCKOLET, CS, ASTM A105, MSS SP-97, SW, CLASS 3000","6""",6.0,"3/4""",0.75,-,SW,3000,0.15,0.0,-,,,,e.a
75,"CS2SA1-3/4""-DRE-1-5-008",1,"CS5SA1 SW 3/4"" - -",CS5SA1,FL,SW,3,"SOCKETWELD FLANGE, CS, ASTM A105, ASME B16.5, CLASS 1500, RF","3/4""",0.75,-,-,-,RF,1500,2.3,0.0,-,4.2,,,e.a
76,"CS2SA1-6""-ALV-1-5-001",1,"CS2SA1 BE 2"" - -",CS2SA1,PP,BE,1,"PIPE, SEAMLESS, CS, ASTM A106 Gr.B, ASME B36.10, BE, SCH 40","2""",2.0,-,-,40,BE,-,5.44,60.3,-,4.2,SUMINISTRO DE TUBERÍAS Y ACCESORIOS,,m
77,"CS2SA1-6""-ALV-1-5-001",1,"CS2SA1 BE 6"" - -",CS2SA1,PP,BE,1,"PIPE, SEAMLESS, CS, ASTM A106 Gr.B, ASME B36.10, BE, SCH 40","6""",6.0,-,-,40,BE,-,28.26,168.3,-,4.2,SUMINISTRO DE TUBERÍAS Y ACCESORIOS,,m
78,"CS2SA1-6""-ALV-1-5-001",4,"CS2SA1 BOLT 2"" - -",CS2SA1,BL,BOLT,5,"STUD BOLTS W/2 HVY HEX NUTS, CS, A193 Gr.B7/A194 Gr.2H, ASME B18.2.1/B18.2.2","2""",2.0,-,-,-,RF,150,0.0,0.0,-,4.4,SUMINISTRO DE ESPARRAGOS,,e.a
79,"CS2SA1-6""-ALV-1-5-001",16,"CS2SA1 BOLT 6"" - -",CS2SA1,BL,BOLT,5,"STUD BOLTS W/2 HVY HEX NUTS, CS, A193 Gr.B7/A194 Gr.2H, ASME B18.2.1/B18.2.2","6""",6.0,-,-,-,RF,150,0.0,0.0,-,4.4,SUMINISTRO DE ESPARRAGOS,,e.a
80,"CS2SA1-6""-ALV-1-5-001",1,"CS2SA1 DBBM 2"" - MFV21A0I2I",CS2SA1,VL,DBBM,7,"INTEGRAL MONO FLANGE DBB NEEDLE MULTI-VALVE, EEMUA 182, A105, CL 150, RF/NPTF, B16.5 AND B1.20.1, BB, SPW SS304/GRAPH, PKG GRAPH; SS316 STEM, SEATS&STEM TIP, S, SWIVEL NEEDLE, STEM OS&Y/RSRO, T-HANDLE","2""",2.0,-,-,-,RF,150,5.5,0.0,MFV21A0I2I,4.3,INTEGRAL MONOFLANGE VALVE,,e.a
81,"CS2SA1-6""-ALV-1-5-001",1,"CS2SA1 ERE 6"" 4"" -",CS2SA1,FT,ERE,2,"ECCENTRIC REDUCER, SEAMLESS, CS, ASTM A234 Gr.WPB, ASME B16.9, BW, SCH 40 x 40","6""",6.0,"4""",4,40x40,BW,-,3.9,0.0,-,4.2,SUMINISTRO REDUCCCIONES EXCENTRICAS,,e.a
82,"CS2SA1-6""-ALV-1-5-001",1,"CS2SA1 GAS 2"" - -",CS2SA1,GS,GAS,4,"SPIRAL WOUND GASKET, SS, AISI 304/GRAPHITE, ASME B16.20, THK 1/8"", CLASS 150, RF","2""",2.0,-,-,-,RF,150,0.097,0.0,-,,,,e.a
83,"CS2SA1-6""-ALV-1-5-001",2,"CS2SA1 GAS 6"" - -",CS2SA1,GS,GAS,4,"SPIRAL WOUND GASKET, SS, AISI 304/GRAPHITE, ASME B16.20, THK 1/8"", CLASS 150, RF","6""",6.0,-,-,-,RF,150,0.302,0.0,-,,,,e.a
84,"CS2SA1-6""-ALV-1-5-001",1,"CS2SA1 WNK 2"" - -",CS2SA1,FL,WNK,3,"WELD NECK FLANGE, CS, ASTM A105, ASME B16.5, CLASS 150, RF, SCH 40","2""",2.0,-,-,40,RF,150,2.55,0.0,-,4.2,,,e.a
85,"CS2SA1-6""-ALV-1-5-001",1,"CS2SA1 WNK 6"" - -",CS2SA1,FL,WNK,3,"WELD NECK FLANGE, CS, ASTM A105, ASME B16.5, CLASS 150, RF, SCH 40","6""",6.0,-,-,40,RF,150,10.91,0.0,-,4.2,,,e.a
86,"CS2SA1-6""-ALV-1-5-001",1,"CS2SA1 WOL 6"" 2"" -",CS2SA1,FT,WOL,2,"WELDOLET, CS, ASTM A105, MSS SP-97, BW, SCH 40","6""",6.0,"2""",2,40x40,BW,-,0.79,0.0,-,,,,e.a
87,"CS2SA1-6""-ALV-1-5-001",8,"CS3SA1 BOLT 4"" - -",CS3SA1,BL,BOLT,5,"STUD BOLTS W/2 HVY HEX NUTS, CS, A193 Gr.B7/A194 Gr.2H, ASME B18.2.1/B18.2.2","4""",4.0,-,-,-,RF,300,0.0,0.0,-,4.4,SUMINISTRO DE ESPARRAGOS,,e.a
88,"CS2SA1-6""-ALV-1-5-001",1,"CS3SA1 GAS 4"" - -",CS3SA1,GS,GAS,4,"SPIRAL WOUND GASKET, SS, AISI 304/GRAPHITE, ASME B16.20, THK 1/8"", CLASS 300, RF","4""",4.0,-,-,-,RF,300,0.263,0.0,-,,,,e.a
89,"CS2SA1-6""-ALV-1-5-001",1,"CS3SA1 WNK 4"" - -",CS3SA1,FL,WNK,3,"WELD NECK FLANGE, CS, ASTM A105, ASME B16.5, CLASS 300, RF, SCH 80","4""",4.0,-,-,80,RF,300,12.17,0.0,-,4.2,,,e.a
90,"CS2SA1-6""-ALV-1-5-003",1,"CS2SA1 90L 8"" - -",CS2SA1,FT,90L,2,"ELBOW 90 DEG LR, SEAMLESS, CS, ASTM A234 Gr.WPB, ASME B16.9, BW, SCH 20","8""",8.0,-,-,20,BW,-,16.57,0.0,-,4.2,SUMINISTRO DE 90 DEGREE ELBOW LR ASME B16.9 BW WROUGHT S,,e.a
91,"CS2SA1-6""-ALV-1-5-003",1,"CS2SA1 BE 8"" - -",CS2SA1,PP,BE,1,"PIPE, SEAMLESS, CS, ASTM A106 Gr.B, ASME B36.10, BE, SCH 20","8""",8.0,-,-,20,BE,-,33.32,219.1,-,4.2,SUMINISTRO DE TUBERÍAS Y ACCESORIOS,"SUMINISTRO DE PIPE ASME B36.10 BE SEAMLESS ASTM A106 GR.  B, 8 "", S-20",m
92,"CS2SA1-6""-ALV-1-5-003",1,"CS2SA1 BE 6"" - -",CS2SA1,PP,BE,1,"PIPE, SEAMLESS, CS, ASTM A106 Gr.B, ASME B36.10, BE, SCH 40","6""",6.0,-,-,40,BE,-,28.26,168.3,-,4.2,SUMINISTRO DE TUBERÍAS Y ACCESORIOS,,m
93,"CS2SA1-6""-ALV-1-5-003",8,"CS2SA1 BOLT 6"" - -",CS2SA1,BL,BOLT,5,"STUD BOLTS W/2 HVY HEX NUTS, CS, A193 Gr.B7/A194 Gr.2H, ASME B18.2.1/B18.2.2","6""",6.0,-,-,-,RF,150,0.0,0.0,-,4.4,SUMINISTRO DE ESPARRAGOS,,e.a
94,"CS2SA1-6""-ALV-1-5-003",8,"CS2SA1 BOLT 8"" - -",CS2SA1,BL,BOLT,5,"STUD BOLTS W/2 HVY HEX NUTS, CS, A193 Gr.B7/A194 Gr.2H, ASME B18.2.1/B18.2.2","8""",8.0,-,-,-,RF,150,0.0,0.0,-,4.4,SUMINISTRO DE ESPARRAGOS,,e.a
95,"CS2SA1-6""-ALV-1-5-003",8,"CS2SA1 BOLT 4"" - -",CS2SA1,BL,BOLT,5,"STUD BOLTS W/2 HVY HEX NUTS, CS, A193 Gr.B7/A194 Gr.2H, ASME B18.2.1/B18.2.2","4""",4.0,-,-,-,RF,150,0.0,0.0,-,4.4,SUMINISTRO DE ESPARRAGOS,,e.a
96,"CS2SA1-6""-ALV-1-5-003",1,"CS2SA1 CRE 8"" 6"" -",CS2SA1,FT,CRE,2,"CONCENTRIC REDUCER, SEAMLESS, CS, ASTM A234 Gr.WPB, ASME B16.9, BW, SCH 20 x 40","8""",8.0,"6""",6,20x40,BW,-,6.5,0.0,-,4.2,SUMINISTRO REDUCCCIONES CONCENTRICAS,,e.a
97,"CS2SA1-6""-ALV-1-5-003",1,"CS2SA1 GAS 4"" - -",CS2SA1,GS,GAS,4,"SPIRAL WOUND GASKET, SS, AISI 304/GRAPHITE, ASME B16.20, THK 1/8"", CLASS 150, RF","4""",4.0,-,-,-,RF,150,0.235,0.0,-,,,,e.a
98,"CS2SA1-6""-ALV-1-5-003",1,"CS2SA1 GAS 6"" - -",CS2SA1,GS,GAS,4,"SPIRAL WOUND GASKET, SS, AISI 304/GRAPHITE, ASME B16.20, THK 1/8"", CLASS 150, RF","6""",6.0,-,-,-,RF,150,0.302,0.0,-,,,,e.a
99,"CS2SA1-6""-ALV-1-5-003",1,"CS2SA1 GAS 8"" - -",CS2SA1,GS,GAS,4,"SPIRAL WOUND GASKET, SS, AISI 304/GRAPHITE, ASME B16.20, THK 1/8"", CLASS 150, RF","8""",8.0,-,-,-,RF,150,0.434,0.0,-,,,,e.a
100,"CS2SA1-6""-ALV-1-5-003",1,"CS2SA1 RTE 8"" 4"" -",CS2SA1,FT,RTE,2,"REDUCING TEE, SEAMLESS, CS, ASTM A234 Gr.WPB, ASME B16.9, BW, SCH 20 x 40","8""",8.0,"4""",4,20x40,BW,-,28.0,0.0,-,4.2,SUMINISTRO DE REDUCER TEE,,e.a
101,"CS2SA1-6""-ALV-1-5-003",1,"CS2SA1 WNK 8"" - -",CS2SA1,FL,WNK,3,"WELD NECK FLANGE, CS, ASTM A105, ASME B16.5, CLASS 150, RF, SCH 20","8""",8.0,-,-,20,RF,150,17.3,0.0,-,4.2,,,e.a
102,"CS2SA1-6""-ALV-1-5-003",1,"CS2SA1 WNK 4"" - -",CS2SA1,FL,WNK,3,"WELD NECK FLANGE, CS, ASTM A105, ASME B16.5, CLASS 150, RF, SCH 40","4""",4.0,-,-,40,RF,150,7.11,0.0,-,4.2,,,e.a
103,"CS2SA1-6""-ALV-1-5-003",1,"CS2SA1 WNK 6"" - -",CS2SA1,FL,WNK,3,"WELD NECK FLANGE, CS, ASTM A105, ASME B16.5, CLASS 150, RF, SCH 40","6""",6.0,-,-,40,RF,150,10.91,0.0,-,4.2,,,e.a
104,"CS2SA1-6""-ALV-1-5-004",1,"CS2SA1 BE 2"" - -",CS2SA1,PP,BE,1,"PIPE, SEAMLESS, CS, ASTM A106 Gr.B, ASME B36.10, BE, SCH 40","2""",2.0,-,-,40,BE,-,5.44,60.3,-,4.2,SUMINISTRO DE TUBERÍAS Y ACCESORIOS,,m
105,"CS2SA1-6""-ALV-1-5-004",1,"CS2SA1 BE 6"" - -",CS2SA1,PP,BE,1,"PIPE, SEAMLESS, CS, ASTM A106 Gr.B, ASME B36.10, BE, SCH 40","6""",6.0,-,-,40,BE,-,28.26,168.3,-,4.2,SUMINISTRO DE TUBERÍAS Y ACCESORIOS,,m
106,"CS2SA1-6""-ALV-1-5-004",4,"CS2SA1 BOLT 2"" - -",CS2SA1,BL,BOLT,5,"STUD BOLTS W/2 HVY HEX NUTS, CS, A193 Gr.B7/A194 Gr.2H, ASME B18.2.1/B18.2.2","2""",2.0,-,-,-,RF,150,0.0,0.0,-,4.4,SUMINISTRO DE ESPARRAGOS,,e.a
107,"CS2SA1-6""-ALV-1-5-004",16,"CS2SA1 BOLT 6"" - -",CS2SA1,BL,BOLT,5,"STUD BOLTS W/2 HVY HEX NUTS, CS, A193 Gr.B7/A194 Gr.2H, ASME B18.2.1/B18.2.2","6""",6.0,-,-,-,RF,150,0.0,0.0,-,4.4,SUMINISTRO DE ESPARRAGOS,,e.a
108,"CS2SA1-6""-ALV-1-5-004",1,"CS2SA1 DBBM 2"" - MFV21A0I2I",CS2SA1,VL,DBBM,7,"INTEGRAL MONO FLANGE DBB NEEDLE MULTI-VALVE, EEMUA 182, A105, CL 150, RF/NPTF, B16.5 AND B1.20.1, BB, SPW SS304/GRAPH, PKG GRAPH; SS316 STEM, SEATS&STEM TIP, S, SWIVEL NEEDLE, STEM OS&Y/RSRO, T-HANDLE","2""",2.0,-,-,-,RF,150,5.5,0.0,MFV21A0I2I,4.3,INTEGRAL MONOFLANGE VALVE,,e.a
109,"CS2SA1-6""-ALV-1-5-004",1,"CS2SA1 ERE 6"" 4"" -",CS2SA1,FT,ERE,2,"ECCENTRIC REDUCER, SEAMLESS, CS, ASTM A234 Gr.WPB, ASME B16.9, BW, SCH 40 x 40","6""",6.0,"4""",4,40x40,BW,-,3.9,0.0,-,4.2,SUMINISTRO REDUCCCIONES EXCENTRICAS,,e.a
110,"CS2SA1-6""-ALV-1-5-004",1,"CS2SA1 GAS 2"" - -",CS2SA1,GS,GAS,4,"SPIRAL WOUND GASKET, SS, AISI 304/GRAPHITE, ASME B16.20, THK 1/8"", CLASS 150, RF","2""",2.0,-,-,-,RF,150,0.097,0.0,-,,,,e.a
111,"CS2SA1-6""-ALV-1-5-004",2,"CS2SA1 GAS 6"" - -",CS2SA1,GS,GAS,4,"SPIRAL WOUND GASKET, SS, AISI 304/GRAPHITE, ASME B16.20, THK 1/8"", CLASS 150, RF","6""",6.0,-,-,-,RF,150,0.302,0.0,-,,,,e.a
112,"CS2SA1-6""-ALV-1-5-004",1,"CS2SA1 WNK 2"" - -",CS2SA1,FL,WNK,3,"WELD NECK FLANGE, CS, ASTM A105, ASME B16.5, CLASS 150, RF, SCH 40","2""",2.0,-,-,40,RF,150,2.55,0.0,-,4.2,,,e.a
113,"CS2SA1-6""-ALV-1-5-004",1,"CS2SA1 WNK 6"" - -",CS2SA1,FL,WNK,3,"WELD NECK FLANGE, CS, ASTM A105, ASME B16.5, CLASS 150, RF, SCH 40","6""",6.0,-,-,40,RF,150,10.91,0.0,-,4.2,,,e.a
114,"CS2SA1-6""-ALV-1-5-004",1,"CS2SA1 WOL 6"" 2"" -",CS2SA1,FT,WOL,2,"WELDOLET, CS, ASTM A105, MSS SP-97, BW, SCH 40","6""",6.0,"2""",2,40x40,BW,-,0.79,0.0,-,,,,e.a
115,"CS2SA1-6""-ALV-1-5-004",8,"CS3SA1 BOLT 4"" - -",CS3SA1,BL,BOLT,5,"STUD BOLTS W/2 HVY HEX NUTS, CS, A193 Gr.B7/A194 Gr.2H, ASME B18.2.1/B18.2.2","4""",4.0,-,-,-,RF,300,0.0,0.0,-,4.4,SUMINISTRO DE ESPARRAGOS,,e.a
116,"CS2SA1-6""-ALV-1-5-004",1,"CS3SA1 GAS 4"" - -",CS3SA1,GS,GAS,4,"SPIRAL WOUND GASKET, SS, AISI 304/GRAPHITE, ASME B16.20, THK 1/8"", CLASS 300, RF","4""",4.0,-,-,-,RF,300,0.263,0.0,-,,,,e.a
117,"CS2SA1-6""-ALV-1-5-004",1,"CS3SA1 WNK 4"" - -",CS3SA1,FL,WNK,3,"WELD NECK FLANGE, CS, ASTM A105, ASME B16.5, CLASS 300, RF, SCH 80","4""",4.0,-,-,80,RF,300,12.17,0.0,-,4.2,,,e.a
118,"CS2SA1-6""-ALV-1-5-005",1,"CS2SA1 BE 2"" - -",CS2SA1,PP,BE,1,"PIPE, SEAMLESS, CS, ASTM A106 Gr.B, ASME B36.10, BE, SCH 40","2""",2.0,-,-,40,BE,-,5.44,60.3,-,4.2,SUMINISTRO DE TUBERÍAS Y ACCESORIOS,,m
119,"CS2SA1-6""-ALV-1-5-005",8,"CS2SA1 BOLT 2"" - -",CS2SA1,BL,BOLT,5,"STUD BOLTS W/2 HVY HEX NUTS, CS, A193 Gr.B7/A194 Gr.2H, ASME B18.2.1/B18.2.2","2""",2.0,-,-,-,RF,150,0.0,0.0,-,4.4,SUMINISTRO DE ESPARRAGOS,,e.a
120,"CS2SA1-6""-ALV-1-5-005",2,"CS2SA1 DBBM 2"" - MFV21A0I2I",CS2SA1,VL,DBBM,7,"INTEGRAL MONO FLANGE DBB NEEDLE MULTI-VALVE, EEMUA 182, A105, CL 150, RF/NPTF, B16.5 AND B1.20.1, BB, SPW SS304/GRAPH, PKG GRAPH; SS316 STEM, SEATS&STEM TIP, S, SWIVEL NEEDLE, STEM OS&Y/RSRO, T-HANDLE","2""",2.0,-,-,-,RF,150,5.5,0.0,MFV21A0I2I,4.3,INTEGRAL MONOFLANGE VALVE,,e.a
121,"CS2SA1-6""-ALV-1-5-005",2,"CS2SA1 GAS 2"" - -",CS2SA1,GS,GAS,4,"SPIRAL WOUND GASKET, SS, AISI 304/GRAPHITE, ASME B16.20, THK 1/8"", CLASS 150, RF","2""",2.0,-,-,-,RF,150,0.097,0.0,-,,,,e.a
122,"CS2SA1-6""-ALV-1-5-005",2,"CS2SA1 WNK 2"" - -",CS2SA1,FL,WNK,3,"WELD NECK FLANGE, CS, ASTM A105, ASME B16.5, CLASS 150, RF, SCH 40","2""",2.0,-,-,40,RF,150,2.55,0.0,-,4.2,,,e.a
123,"CS2SA1-6""-ALV-1-5-005",2,"CS2SA1 WOL 6"" 2"" -",CS2SA1,FT,WOL,2,"WELDOLET, CS, ASTM A105, MSS SP-97, BW, SCH 40","6""",6.0,"2""",2,40x40,BW,-,0.79,0.0,-,,,,e.a
124,"CS2SA1-6""-ALV-1-5-010",3,"CS2SA1 90L 6"" - -",CS2SA1,FT,90L,2,"ELBOW 90 DEG LR, SEAMLESS, CS, ASTM A234 Gr.WPB, ASME B16.9, BW, SCH 40","6""",6.0,-,-,40,BW,-,10.2,0.0,-,4.2,SUMINISTRO DE 90 DEGREE ELBOW LR ASME B16.9 BW WROUGHT S,,e.a
125,"CS2SA1-6""-ALV-1-5-010",1,"CS2SA1 90L 1"" - -",CS2SA1,FT,90L,2,"ELBOW 90 DEG, CS, ASTM A105, ASME B16.11, SW, CLASS 3000","1""",1.0,-,-,-,SW,3000,0.35,0.0,-,4.2,SUMINISTRO DE 90 DEGREE ELBOW FEMALE END ASME B16.11 SW 3000,"SUMINISTRO DE 90 DEGREE ELBOW FEMALE END ASME B16.11 SW 3000# FORGED ASTM A105, 1 """,e.a
126,"CS2SA1-6""-ALV-1-5-010",3,"CS2SA1 90L 3/4"" - -",CS2SA1,FT,90L,2,"ELBOW 90 DEG, CS, ASTM A105, ASME B16.11, SW, CLASS 3000","3/4""",0.75,-,-,-,SW,3000,0.24,0.0,-,4.2,SUMINISTRO DE 90 DEGREE ELBOW FEMALE END ASME B16.11 SW 3000,"SUMINISTRO DE 90 DEGREE ELBOW FEMALE END ASME B16.11 SW 3000# FORGED ASTM A105, 3/4 """,e.a
127,"CS2SA1-6""-ALV-1-5-010",1,"CS2SA1 BAL 1"" - BAV24G0I1C",CS2SA1,VL,BAL,7,"BALL VALVE W/INTEGRAL WELDED 2 NIPPLES, FB, FLOATING BALL, API 608, API 598, A105, CL 800, SW W/2 PE NIPPLES, MNF STD, SS316 BALL, SS316 STEM, 2 OR 3 PCS SPLIT BODY SIDE ENTRY, API 607, LO","1""",1.0,-,-,-,SW,800,3.5,0.0,BAV24G0I1C,4.3,VALVULAS DE BOLA ,,e.a
128,"CS2SA1-6""-ALV-1-5-010",1,"CS2SA1 BE 2"" - -",CS2SA1,PP,BE,1,"PIPE, SEAMLESS, CS, ASTM A106 Gr.B, ASME B36.10, BE, SCH 40","2""",2.0,-,-,40,BE,-,5.44,60.3,-,4.2,SUMINISTRO DE TUBERÍAS Y ACCESORIOS,,m
129,"CS2SA1-6""-ALV-1-5-010",4,"CS2SA1 BE 6"" - -",CS2SA1,PP,BE,1,"PIPE, SEAMLESS, CS, ASTM A106 Gr.B, ASME B36.10, BE, SCH 40","6""",6.0,-,-,40,BE,-,28.26,168.3,-,4.2,SUMINISTRO DE TUBERÍAS Y ACCESORIOS,,m
130,"CS2SA1-6""-ALV-1-5-010",4,"CS2SA1 BOLT 1"" - -",CS2SA1,BL,BOLT,5,"STUD BOLTS W/2 HVY HEX NUTS, CS, A193 Gr.B7/A194 Gr.2H, ASME B18.2.1/B18.2.2","1""",1.0,-,-,-,RF,150,0.0,0.0,-,4.4,SUMINISTRO DE ESPARRAGOS,,e.a
131,"CS2SA1-6""-ALV-1-5-010",12,"CS2SA1 BOLT 2"" - -",CS2SA1,BL,BOLT,5,"STUD BOLTS W/2 HVY HEX NUTS, CS, A193 Gr.B7/A194 Gr.2H, ASME B18.2.1/B18.2.2","2""",2.0,-,-,-,RF,150,0.0,0.0,-,4.4,SUMINISTRO DE ESPARRAGOS,,e.a
132,"CS2SA1-6""-ALV-1-5-010",24,"CS2SA1 BOLT 6"" - -",CS2SA1,BL,BOLT,5,"STUD BOLTS W/2 HVY HEX NUTS, CS, A193 Gr.B7/A194 Gr.2H, ASME B18.2.1/B18.2.2","6""",6.0,-,-,-,RF,150,0.0,0.0,-,4.4,SUMINISTRO DE ESPARRAGOS,,e.a
133,"CS2SA1-6""-ALV-1-5-010",3,"CS2SA1 DBBM 2"" - MFV21A0I2I",CS2SA1,VL,DBBM,7,"INTEGRAL MONO FLANGE DBB NEEDLE MULTI-VALVE, EEMUA 182, A105, CL 150, RF/NPTF, B16.5 AND B1.20.1, BB, SPW SS304/GRAPH, PKG GRAPH; SS316 STEM, SEATS&STEM TIP, S, SWIVEL NEEDLE, STEM OS&Y/RSRO, T-HANDLE","2""",2.0,-,-,-,RF,150,5.5,0.0,MFV21A0I2I,4.3,INTEGRAL MONOFLANGE VALVE,,e.a
134,"CS2SA1-6""-ALV-1-5-010",1,"CS2SA1 F8 1"" - -",CS2SA1,MS,F8,6,"FIGURE-8 BLANK, CS, ASTM A516 Gr.70, ASME B16.48, CLASS 150, RF","1""",1.0,-,-,-,RF,150,0.14,0.0,-,,,,e.a
135,"CS2SA1-6""-ALV-1-5-010",2,"CS2SA1 GAS 1"" - -",CS2SA1,GS,GAS,4,"SPIRAL WOUND GASKET, SS, AISI 304/GRAPHITE, ASME B16.20, THK 1/8"", CLASS 150, RF","1""",1.0,-,-,-,RF,150,0.047,0.0,-,,,,e.a
136,"CS2SA1-6""-ALV-1-5-010",3,"CS2SA1 GAS 2"" - -",CS2SA1,GS,GAS,4,"SPIRAL WOUND GASKET, SS, AISI 304/GRAPHITE, ASME B16.20, THK 1/8"", CLASS 150, RF","2""",2.0,-,-,-,RF,150,0.097,0.0,-,,,,e.a
137,"CS2SA1-6""-ALV-1-5-010",3,"CS2SA1 GAS 6"" - -",CS2SA1,GS,GAS,4,"SPIRAL WOUND GASKET, SS, AISI 304/GRAPHITE, ASME B16.20, THK 1/8"", CLASS 150, RF","6""",6.0,-,-,-,RF,150,0.302,0.0,-,,,,e.a
138,"CS2SA1-6""-ALV-1-5-010",1,"CS2SA1 GAT 6"" - GAV21A0B2B",CS2SA1,VL,GAT,7,"GATE VALVE FL, API 600, API 598, A216 GR.WCB, CL 150, RF, B16.5, BB, SPW SS304/GRAPH, PKG GRAPH, TRIM #8, RENEWABLE SEATS, FLEXIBLE WEDGE, STEM OS&Y/RSNRO, HO","6""",6.0,-,-,-,RF,150,88.0,0.0,GAV21A0B2B,4.3,VALVULAS DE COMPUERTA,,e.a
139,"CS2SA1-6""-ALV-1-5-010",3,"CS2SA1 GAT 3/4"" - GAV24F0B2B",CS2SA1,VL,GAT,7,"GATE VALVE SW, API 602, API 598, A105, CL 800, SW, B16.11, BB, SPW SS304/GRAPH, PKG GRAPH, TRIM #8, RENEWABLE SEATS, SOLID WEDGE, STEM OS&Y/RSNRO, HO","3/4""",0.75,-,-,-,SW,800,2.0,0.0,GAV24F0B2B,4.3,VALVULAS DE COMPUERTA,,e.a
140,"CS2SA1-6""-ALV-1-5-010",3,"CS2SA1 NIP 3/4"" 100mm -",CS2SA1,FT,NIP,2,"NIPPLE, SEAMLESS, CS, ASTM A106 Gr.B, ASME B36.10, PE, SCH 80 L= 100 mm","3/4""",0.75,100mm,100mm,80,PE,-,0.22,0.0,-,,,,e.a
141,"CS2SA1-6""-ALV-1-5-010",3,"CS2SA1 NIP 3/4"" 100mm -",CS2SA1,FT,NIP,2,"NIPPLE, SEAMLESS, CS, ASTM A106 Gr.B, ASME B36.10, PE, SCH 80 L= 100 mm","3/4""",0.75,100mm,100mm,80,PE,-,0.22,0.0,-,,,,e.a
142,"CS2SA1-6""-ALV-1-5-010",2,"CS2SA1 PE 1"" - -",CS2SA1,PP,PE,1,"PIPE, SEAMLESS, CS, ASTM A106 Gr.B, ASME B36.10, PE, SCH 80","1""",1.0,-,-,80,PE,-,3.24,33.4,-,4.2,SUMINISTRO DE TUBERÍAS Y ACCESORIOS,,m
143,"CS2SA1-6""-ALV-1-5-010",1,"CS2SA1 RTE 1-1/2"" 1"" -",CS2SA1,FT,RTE,2,"REDUCING TEE, CS, ASTM A105, ASME B16.11, SW, CLASS 3000","1-1/2""",1.5,"1""",1,-,SW,3000,1.35,0.0,-,,,,e.a
144,"CS2SA1-6""-ALV-1-5-010",3,"CS2SA1 SOL 2"" 3/4"" -",CS2SA1,FT,SOL,2,"SOCKOLET, CS, ASTM A105, MSS SP-97, SW, CLASS 3000","2""",2.0,"3/4""",0.75,-,SW,3000,0.15,0.0,-,,,,e.a
145,"CS2SA1-6""-ALV-1-5-010",1,"CS2SA1 SOL 6"" 1"" -",CS2SA1,FT,SOL,2,"SOCKOLET, CS, ASTM A105, MSS SP-97, SW, CLASS 3000","6""",6.0,"1""",1,-,SW,3000,0.27,0.0,-,,,,e.a
146,"CS2SA1-6""-ALV-1-5-010",2,"CS2SA1 SW 1"" - -",CS2SA1,FL,SW,3,"SOCKETWELD FLANGE, CS, ASTM A105, ASME B16.5, CLASS 150, RF","1""",1.0,-,-,-,RF,150,0.9,0.0,-,4.2,,,e.a
147,"CS2SA1-6""-ALV-1-5-010",1,"CS2SA1 TEE 6"" - -",CS2SA1,FT,TEE,2,"STRAIGHT TEE, SEAMLESS, CS, ASTM A234 Gr.WPB, ASME B16.9, BW, SCH 40","6""",6.0,-,-,40,BW,-,19.3,0.0,-,4.2,SUMINISTRO DE TEE END ASME B16.9 BW,,e.a
148,"CS2SA1-6""-ALV-1-5-010",3,"CS2SA1 WNK 2"" - -",CS2SA1,FL,WNK,3,"WELD NECK FLANGE, CS, ASTM A105, ASME B16.5, CLASS 150, RF, SCH 40","2""",2.0,-,-,40,RF,150,2.55,0.0,-,4.2,,,e.a
149,"CS2SA1-6""-ALV-1-5-010",5,"CS2SA1 WNK 6"" - -",CS2SA1,FL,WNK,3,"WELD NECK FLANGE, CS, ASTM A105, ASME B16.5, CLASS 150, RF, SCH 40","6""",6.0,-,-,40,RF,150,10.91,0.0,-,4.2,,,e.a
150,"CS2SA1-6""-ALV-1-5-010",4,"CS2SA1 WOL 6"" 2"" -",CS2SA1,FT,WOL,2,"WELDOLET, CS, ASTM A105, MSS SP-97, BW, SCH 40","6""",6.0,"2""",2,40x40,BW,-,0.79,0.0,-,,,,e.a
151,"CS5SA1-6""-ALV-1-5-002",1,"CS2SA1 BE 2"" - -",CS2SA1,PP,BE,1,"PIPE, SEAMLESS, CS, ASTM A106 Gr.B, ASME B36.10, BE, SCH 40","2""",2.0,-,-,40,BE,-,5.44,60.3,-,4.2,SUMINISTRO DE TUBERÍAS Y ACCESORIOS,,m
152,"CS5SA1-6""-ALV-1-5-002",8,"CS2SA1 BOLT 2"" - -",CS2SA1,BL,BOLT,5,"STUD BOLTS W/2 HVY HEX NUTS, CS, A193 Gr.B7/A194 Gr.2H, ASME B18.2.1/B18.2.2","2""",2.0,-,-,-,RF,150,0.0,0.0,-,4.4,SUMINISTRO DE ESPARRAGOS,,e.a
153,"CS5SA1-6""-ALV-1-5-002",2,"CS2SA1 DBBM 2"" - MFV21A0I2I",CS2SA1,VL,DBBM,7,"INTEGRAL MONO FLANGE DBB NEEDLE MULTI-VALVE, EEMUA 182, A105, CL 150, RF/NPTF, B16.5 AND B1.20.1, BB, SPW SS304/GRAPH, PKG GRAPH; SS316 STEM, SEATS&STEM TIP, S, SWIVEL NEEDLE, STEM OS&Y/RSRO, T-HANDLE","2""",2.0,-,-,-,RF,150,5.5,0.0,MFV21A0I2I,4.3,INTEGRAL MONOFLANGE VALVE,,e.a
154,"CS5SA1-6""-ALV-1-5-002",2,"CS2SA1 GAS 2"" - -",CS2SA1,GS,GAS,4,"SPIRAL WOUND GASKET, SS, AISI 304/GRAPHITE, ASME B16.20, THK 1/8"", CLASS 150, RF","2""",2.0,-,-,-,RF,150,0.097,0.0,-,,,,e.a
155,"CS5SA1-6""-ALV-1-5-002",2,"CS2SA1 WNK 2"" - -",CS2SA1,FL,WNK,3,"WELD NECK FLANGE, CS, ASTM A105, ASME B16.5, CLASS 150, RF, SCH 40","2""",2.0,-,-,40,RF,150,2.55,0.0,-,4.2,,,e.a
156,"CS5SA1-6""-ALV-1-5-002",2,"CS2SA1 WOL 6"" 2"" -",CS2SA1,FT,WOL,2,"WELDOLET, CS, ASTM A105, MSS SP-97, BW, SCH 40","6""",6.0,"2""",2,40x40,BW,-,0.79,0.0,-,,,,e.a
157,"CS5SA1-6""-ALV-1-5-002",2,"CS5SA1 90L 6"" - -",CS5SA1,FT,90L,2,"ELBOW 90 DEG LR, SEAMLESS, CS, ASTM A234 Gr.WPB, ASME B16.9,  IMPACT TEST AT 32°F ACCORDING TO PARA 423.2.3 OF ASME B31.4 FOR ACCEPTANCE CRITERIA, BW, SCH 80","6""",6.0,-,-,80,BW,-,15.35,0.0,-,4.2,SUMINISTRO DE 90 DEGREE ELBOW LR ASME B16.9 BW WROUGHT S,,e.a
158,"CS5SA1-6""-ALV-1-5-002",1,"CS5SA1 BAL 2"" - BAV26A0I1C",CS5SA1,VL,BAL,7,"BALL VALVE FL, FB, LP, TRUNNION BALL, API 6D, A216 GR.WCB, CL 1500, RF, B16.5, SS316 BALL, SS316 STEM, 2 OR 3 PCS SPLIT BODY SIDE ENTRY, SPW SS304/GRAPH, SEAT RINGS SS316, SEAT INSERTS NYLON, API 607, LO","2""",2.0,-,-,-,RF,1500,55.0,0.0,BAV26A0I1C,4.3,VALVULAS DE BOLA ,,e.a
159,"CS5SA1-6""-ALV-1-5-002",1,"CS5SA1 BE 2"" - -",CS5SA1,PP,BE,1,"PIPE, SEAMLESS, CS, API 5L Gr.B, ASME B36.10, PSL2, BE, SCH 80","2""",2.0,-,-,80,BE,-,7.48,60.3,-,4.2,SUMINISTRO DE TUBERÍAS Y ACCESORIOS,,m
160,"CS5SA1-6""-ALV-1-5-002",3,"CS5SA1 BE 6"" - -",CS5SA1,PP,BE,1,"PIPE, SEAMLESS, CS, API 5L Gr.B, ASME B36.10, PSL2, BE, SCH 80","6""",6.0,-,-,80,BE,-,42.56,168.3,-,4.2,SUMINISTRO DE TUBERÍAS Y ACCESORIOS,,m
161,"CS5SA1-6""-ALV-1-5-002",1,"CS5SA1 PE 1"" - -",CS5SA1,PP,PE,1,"PIPE, SEAMLESS, CS, ASTM A333 Gr.6, ASME B36.10, PE, SCH 80","1""",1.0,-,-,80,PE,-,3.24,33.4,-,4.2,SUMINISTRO DE TUBERÍAS Y ACCESORIOS,,m
162,"CS5SA1-6""-ALV-1-5-002",36,"CS5SA1 BOLT 6"" - -",CS5SA1,BL,BOLT,5,"STUD BOLTS W/2 HVY HEX NUTS, CS, A193 Gr.B7/A194 Gr.2H, ASME B18.2.1/B18.2.2","6""",6.0,-,-,-,RF,900,0.0,0.0,-,4.4,SUMINISTRO DE ESPARRAGOS,,e.a
163,"CS5SA1-6""-ALV-1-5-002",16,"CS5SA1 BOLT 2"" - -",CS5SA1,BL,BOLT,5,"STUD BOLTS W/2 HVY HEX NUTS, CS, A193 Gr.B7/A194 Gr.2H, ASME B18.2.1/B18.2.2","2""",2.0,-,-,-,RF,1500,0.0,0.0,-,4.4,SUMINISTRO DE ESPARRAGOS,,e.a
164,"CS5SA1-6""-ALV-1-5-002",1,"CS5SA1 CRE 6"" 3"" -",CS5SA1,FT,CRE,2,"CONCENTRIC REDUCER, SEAMLESS, CS, ASTM A234 Gr.WPB, ASME B16.9, IMPACT TEST AT 32°F ACCORDING TO PARA 423.2.3 OF ASME B31.4 FOR ACCEPTANCE CRITERIA, BW, SCH 80 x 80","6""",6.0,"3""",3,80x80,BW,-,5.95,0.0,-,4.2,SUMINISTRO REDUCCCIONES CONCENTRICAS,"SUMINISTRO DE CONC. REDUCER, SCH 80, BW, ASTM A-234 GR WPB, ASME B16.9 6""X3""",e.a
165,"CS5SA1-6""-ALV-1-5-002",2,"CS5SA1 GAS 2"" - -",CS5SA1,GS,GAS,4,"SPIRAL WOUND GASKET, SS, AISI 304/GRAPHITE, ASME B16.20, THK 1/8"", CLASS 900, RF","2""",2.0,-,-,-,RF,1500,0.216,0.0,-,,,,e.a
166,"CS5SA1-6""-ALV-1-5-002",3,"CS5SA1 GAS 6"" - -",CS5SA1,GS,GAS,4,"SPIRAL WOUND GASKET, SS, AISI 304/GRAPHITE, ASME B16.20, THK 1/8"", CLASS 900, RF","6""",6.0,-,-,-,RF,900,0.72,0.0,-,,,,e.a
167,"CS5SA1-6""-ALV-1-5-002",1,"CS5SA1 SOL 2"" 3/4"" -",CS5SA1,FT,SOL,2,"SOCKOLET, CS, ASTM A105, MSS SP-97, SW, CLASS 3000","2""",2.0,"3/4""",0.75,-,SW,3000,0.15,0.0,-,,,,e.a
168,"CS5SA1-6""-ALV-1-5-002",1,"CS5SA1 SWC 2"" 1"" -",CS5SA1,FT,SWC,2,"CONCENTRIC SWAGE, CS, ASTM A234 Gr.WPB, MSS SP-95, IMPACT TEST AT 32°F ACCORDING TO PARA 423.2.3 OF ASME B31.4 FOR ACCEPTANCE CRITERIA, BExPE, SCH 80x80 ","2""",2.0,"1""",1,80x80,BExPE,-,1.06,0.0,-,,,,e.a
169,"CS5SA1-6""-ALV-1-5-002",2,"CS5SA1 WNK 2"" - -",CS5SA1,FL,WNK,3,"WELD NECK FLANGE, CS, ASTM A105, ASME B16.5, CLASS 1500, RF, SCH 80","2""",2.0,-,-,80,RF,1500,11.0,0.0,-,4.2,,,e.a
170,"CS5SA1-6""-ALV-1-5-002",1,"CS5SA1 WOL 6"" 2"" -",CS5SA1,FT,WOL,2,"WELDOLET, CS, ASTM A105, MSS SP-97, BW, SCH 80","6""",6.0,"2""",2,80x80,BW,-,0.79,0.0,-,,,,e.a
171,"CS5SA1-6""-ALV-1-5-002",8,"CS6SA1 BOLT 3"" - -",CS6SA1,BL,BOLT,5,"STUD BOLTS W/2 HVY HEX NUTS, CS, A193 Gr.B7/A194 Gr.2H, ASME B18.2.1/B18.2.2","3""",3.0,-,-,-,RTJ,1500,0.0,0.0,-,4.4,SUMINISTRO DE ESPARRAGOS,,e.a
172,"CS5SA1-6""-ALV-1-5-002",1,"CS6SA1 GAS 3"" - -",CS6SA1,GS,GAS,4,"RING JOINT GASKET, SOFT IRON BHN MAX, OVAL TYPE, ASME B16.20, CLASS 1500, RTJ","3""",3.0,-,-,-,RTJ,1500,0.45,0.0,-,,,,e.a
173,"CS5SA1-6""-ALV-1-5-002",1,"CS6SA1 WNK 3"" - -",CS6SA1,FL,WNK,3,"WELD NECK FLANGE, CS, ASTM A105, ASME B16.5, CLASS 1500, RTJ, SCH 160","3""",3.0,-,-,160,RTJ,1500,20.53,0.0,-,4.2,,,e.a
174,"CS5SA1-6""-ALV-1-5-004",1,"CS5SA1 WNK 6"" - -",CS5SA1,FL,WNK,3,"WELD NECK FLANGE, CS, ASTM A105, ASME B16.5, CLASS 900, RF, SCH 80","6""",6.0,-,-,80,RF,900,48.57,0.0,-,4.2,,,e.a
175,"CS5SA1-6""-ALV-1-5-005",2,"CS5SA1 90L 6"" - -",CS5SA1,FT,90L,2,"ELBOW 90 DEG LR, SEAMLESS, CS, ASTM A234 Gr.WPB, ASME B16.9,  IMPACT TEST AT 32°F ACCORDING TO PARA 423.2.3 OF ASME B31.4 FOR ACCEPTANCE CRITERIA, BW, SCH 80","6""",6.0,-,-,80,BW,-,15.35,0.0,-,4.2,SUMINISTRO DE 90 DEGREE ELBOW LR ASME B16.9 BW WROUGHT S,,e.a
176,"CS5SA1-6""-ALV-1-5-005",1,"CS5SA1 BAL 2"" - BAV26A0I1C",CS5SA1,VL,BAL,7,"BALL VALVE FL, FB, LP, TRUNNION BALL, API 6D, A216 GR.WCB, CL 1500, RF, B16.5, SS316 BALL, SS316 STEM, 2 OR 3 PCS SPLIT BODY SIDE ENTRY, SPW SS304/GRAPH, SEAT RINGS SS316, SEAT INSERTS NYLON, API 607, LO","2""",2.0,-,-,-,RF,1500,55.0,0.0,BAV26A0I1C,4.3,VALVULAS DE BOLA ,,e.a
177,"CS5SA1-6""-ALV-1-5-005",1,"CS5SA1 BE 2"" - -",CS5SA1,PP,BE,1,"PIPE, SEAMLESS, CS, API 5L Gr.B, ASME B36.10, PSL2, BE, SCH 80","2""",2.0,-,-,80,BE,-,7.48,60.3,-,4.2,SUMINISTRO DE TUBERÍAS Y ACCESORIOS,,m
178,"CS5SA1-6""-ALV-1-5-005",3,"CS5SA1 BE 6"" - -",CS5SA1,PP,BE,1,"PIPE, SEAMLESS, CS, API 5L Gr.B, ASME B36.10, PSL2, BE, SCH 80","6""",6.0,-,-,80,BE,-,42.56,168.3,-,4.2,SUMINISTRO DE TUBERÍAS Y ACCESORIOS,,m
179,"CS5SA1-6""-ALV-1-5-005",1,"CS5SA1 PE 1"" - -",CS5SA1,PP,PE,1,"PIPE, SEAMLESS, CS, ASTM A333 Gr.6, ASME B36.10, PE, SCH 80","1""",1.0,-,-,80,PE,-,3.24,33.4,-,4.2,SUMINISTRO DE TUBERÍAS Y ACCESORIOS,,m
180,"CS5SA1-6""-ALV-1-5-005",36,"CS5SA1 BOLT 6"" - -",CS5SA1,BL,BOLT,5,"STUD BOLTS W/2 HVY HEX NUTS, CS, A193 Gr.B7/A194 Gr.2H, ASME B18.2.1/B18.2.2","6""",6.0,-,-,-,RF,900,0.0,0.0,-,4.4,SUMINISTRO DE ESPARRAGOS,,e.a
181,"CS5SA1-6""-ALV-1-5-005",16,"CS5SA1 BOLT 2"" - -",CS5SA1,BL,BOLT,5,"STUD BOLTS W/2 HVY HEX NUTS, CS, A193 Gr.B7/A194 Gr.2H, ASME B18.2.1/B18.2.2","2""",2.0,-,-,-,RF,1500,0.0,0.0,-,4.4,SUMINISTRO DE ESPARRAGOS,,e.a
182,"CS5SA1-6""-ALV-1-5-005",1,"CS5SA1 CRE 6"" 3"" -",CS5SA1,FT,CRE,2,"CONCENTRIC REDUCER, SEAMLESS, CS, ASTM A234 Gr.WPB, ASME B16.9, IMPACT TEST AT 32°F ACCORDING TO PARA 423.2.3 OF ASME B31.4 FOR ACCEPTANCE CRITERIA, BW, SCH 80 x 80","6""",6.0,"3""",3,80x80,BW,-,5.95,0.0,-,4.2,SUMINISTRO REDUCCCIONES CONCENTRICAS,"SUMINISTRO DE CONC. REDUCER, SCH 80, BW, ASTM A-234 GR WPB, ASME B16.9 6""X3""",e.a
183,"CS5SA1-6""-ALV-1-5-005",2,"CS5SA1 GAS 2"" - -",CS5SA1,GS,GAS,4,"SPIRAL WOUND GASKET, SS, AISI 304/GRAPHITE, ASME B16.20, THK 1/8"", CLASS 900, RF","2""",2.0,-,-,-,RF,1500,0.216,0.0,-,,,,e.a
184,"CS5SA1-6""-ALV-1-5-005",3,"CS5SA1 GAS 6"" - -",CS5SA1,GS,GAS,4,"SPIRAL WOUND GASKET, SS, AISI 304/GRAPHITE, ASME B16.20, THK 1/8"", CLASS 900, RF","6""",6.0,-,-,-,RF,900,0.72,0.0,-,,,,e.a
185,"CS5SA1-6""-ALV-1-5-005",1,"CS5SA1 SOL 2"" 3/4"" -",CS5SA1,FT,SOL,2,"SOCKOLET, CS, ASTM A105, MSS SP-97, SW, CLASS 3000","2""",2.0,"3/4""",0.75,-,SW,3000,0.15,0.0,-,,,,e.a
186,"CS5SA1-6""-ALV-1-5-005",1,"CS5SA1 SOL 6"" 3/4"" -",CS5SA1,FT,SOL,2,"SOCKOLET, CS, ASTM A105, MSS SP-97, SW, CLASS 3000","6""",6.0,"3/4""",0.75,-,SW,3000,0.15,0.0,-,,,,e.a
187,"CS5SA1-6""-ALV-1-5-005",1,"CS5SA1 SWC 2"" 1"" -",CS5SA1,FT,SWC,2,"CONCENTRIC SWAGE, CS, ASTM A234 Gr.WPB, MSS SP-95, IMPACT TEST AT 32°F ACCORDING TO PARA 423.2.3 OF ASME B31.4 FOR ACCEPTANCE CRITERIA, BExPE, SCH 80x80 ","2""",2.0,"1""",1,80x80,BExPE,-,1.06,0.0,-,,,,e.a
188,"CS5SA1-6""-ALV-1-5-005",2,"CS5SA1 WNK 2"" - -",CS5SA1,FL,WNK,3,"WELD NECK FLANGE, CS, ASTM A105, ASME B16.5, CLASS 1500, RF, SCH 80","2""",2.0,-,-,80,RF,1500,11.0,0.0,-,4.2,,,e.a
189,"CS5SA1-6""-ALV-1-5-005",1,"CS5SA1 WNK 6"" - -",CS5SA1,FL,WNK,3,"WELD NECK FLANGE, CS, ASTM A105, ASME B16.5, CLASS 900, RF, SCH 80","6""",6.0,-,-,80,RF,900,48.57,0.0,-,4.2,,,e.a
190,"CS5SA1-6""-ALV-1-5-005",1,"CS5SA1 WOL 6"" 2"" -",CS5SA1,FT,WOL,2,"WELDOLET, CS, ASTM A105, MSS SP-97, BW, SCH 80","6""",6.0,"2""",2,80x80,BW,-,0.79,0.0,-,,,,e.a
191,"CS5SA1-6""-ALV-1-5-005",8,"CS6SA1 BOLT 3"" - -",CS6SA1,BL,BOLT,5,"STUD BOLTS W/2 HVY HEX NUTS, CS, A193 Gr.B7/A194 Gr.2H, ASME B18.2.1/B18.2.2","3""",3.0,-,-,-,RTJ,1500,0.0,0.0,-,4.4,SUMINISTRO DE ESPARRAGOS,,e.a
192,"CS5SA1-6""-ALV-1-5-005",1,"CS6SA1 GAS 3"" - -",CS6SA1,GS,GAS,4,"RING JOINT GASKET, SOFT IRON BHN MAX, OVAL TYPE, ASME B16.20, CLASS 1500, RTJ","3""",3.0,-,-,-,RTJ,1500,0.45,0.0,-,,,,e.a
193,"CS5SA1-6""-ALV-1-5-005",1,"CS6SA1 WNK 3"" - -",CS6SA1,FL,WNK,3,"WELD NECK FLANGE, CS, ASTM A105, ASME B16.5, CLASS 1500, RTJ, SCH 160","3""",3.0,-,-,160,RTJ,1500,20.53,0.0,-,4.2,,,e.a
194,"CS5SA1-6""-ALV-1-5-006",1,"CS5SA1 BE 6"" - -",CS5SA1,PP,BE,1,"PIPE, SEAMLESS, CS, API 5L Gr.B, ASME B36.10, PSL2, BE, SCH 80","6""",6.0,-,-,80,BE,-,42.56,168.3,-,4.2,SUMINISTRO DE TUBERÍAS Y ACCESORIOS,,m
195,"CS5SA1-6""-ALV-1-5-011",1,"CS2SA1 BE 2"" - -",CS2SA1,PP,BE,1,"PIPE, SEAMLESS, CS, ASTM A106 Gr.B, ASME B36.10, BE, SCH 40","2""",2.0,-,-,40,BE,-,5.44,60.3,-,4.2,SUMINISTRO DE TUBERÍAS Y ACCESORIOS,,m
196,"CS5SA1-6""-ALV-1-5-011",4,"CS2SA1 BOLT 2"" - -",CS2SA1,BL,BOLT,5,"STUD BOLTS W/2 HVY HEX NUTS, CS, A193 Gr.B7/A194 Gr.2H, ASME B18.2.1/B18.2.2","2""",2.0,-,-,-,RF,150,0.0,0.0,-,4.4,SUMINISTRO DE ESPARRAGOS,,e.a
197,"CS5SA1-6""-ALV-1-5-011",1,"CS2SA1 DBBM 2"" - MFV21A0I2I",CS2SA1,VL,DBBM,7,"INTEGRAL MONO FLANGE DBB NEEDLE MULTI-VALVE, EEMUA 182, A105, CL 150, RF/NPTF, B16.5 AND B1.20.1, BB, SPW SS304/GRAPH, PKG GRAPH; SS316 STEM, SEATS&STEM TIP, S, SWIVEL NEEDLE, STEM OS&Y/RSRO, T-HANDLE","2""",2.0,-,-,-,RF,150,5.5,0.0,MFV21A0I2I,4.3,INTEGRAL MONOFLANGE VALVE,,e.a
198,"CS5SA1-6""-ALV-1-5-011",1,"CS2SA1 GAS 2"" - -",CS2SA1,GS,GAS,4,"SPIRAL WOUND GASKET, SS, AISI 304/GRAPHITE, ASME B16.20, THK 1/8"", CLASS 150, RF","2""",2.0,-,-,-,RF,150,0.097,0.0,-,,,,e.a
199,"CS5SA1-6""-ALV-1-5-011",1,"CS2SA1 WNK 2"" - -",CS2SA1,FL,WNK,3,"WELD NECK FLANGE, CS, ASTM A105, ASME B16.5, CLASS 150, RF, SCH 40","2""",2.0,-,-,40,RF,150,2.55,0.0,-,4.2,,,e.a
200,"CS5SA1-6""-ALV-1-5-011",1,"CS2SA1 WOL 6"" 2"" -",CS2SA1,FT,WOL,2,"WELDOLET, CS, ASTM A105, MSS SP-97, BW, SCH 40","6""",6.0,"2""",2,40x40,BW,-,0.79,0.0,-,,,,e.a
201,"CS5SA1-6""-ALV-1-5-011",5,"CS5SA1 90L 6"" - -",CS5SA1,FT,90L,2,"ELBOW 90 DEG LR, SEAMLESS, CS, ASTM A234 Gr.WPB, ASME B16.9,  IMPACT TEST AT 32°F ACCORDING TO PARA 423.2.3 OF ASME B31.4 FOR ACCEPTANCE CRITERIA, BW, SCH 80","6""",6.0,-,-,80,BW,-,15.35,0.0,-,4.2,SUMINISTRO DE 90 DEGREE ELBOW LR ASME B16.9 BW WROUGHT S,,e.a
202,"CS5SA1-6""-ALV-1-5-011",10,"CS5SA1 BE 6"" - -",CS5SA1,PP,BE,1,"PIPE, SEAMLESS, CS, API 5L Gr.B, ASME B36.10, PSL2, BE, SCH 80","6""",6.0,-,-,80,BE,-,42.56,168.3,-,4.2,SUMINISTRO DE TUBERÍAS Y ACCESORIOS,,m
203,"CS5SA1-6""-ALV-1-5-011",12,"CS5SA1 BOLT 6"" - -",CS5SA1,BL,BOLT,5,"STUD BOLTS W/2 HVY HEX NUTS, CS, A193 Gr.B7/A194 Gr.2H, ASME B18.2.1/B18.2.2","6""",6.0,-,-,-,RF,900,0.0,0.0,-,4.4,SUMINISTRO DE ESPARRAGOS,,e.a
204,"CS5SA1-6""-ALV-1-5-011",1,"CS5SA1 GAS 6"" - -",CS5SA1,GS,GAS,4,"SPIRAL WOUND GASKET, SS, AISI 304/GRAPHITE, ASME B16.20, THK 1/8"", CLASS 900, RF","6""",6.0,-,-,-,RF,900,0.72,0.0,-,,,,e.a
205,"CS5SA1-6""-ALV-1-5-011",1,"CS5SA1 RTE 6"" 3"" -",CS5SA1,FT,RTE,2,"REDUCING TEE, SEAMLESS, CS, ASTM A234 Gr.WPB, ASME B16.9, IMPACT TEST AT 32°F ACCORDING TO PARA 423.2.3 OF ASME B31.4 FOR ACCEPTANCE CRITERIA, BW, SCH 80 x 80","6""",6.0,"3""",3,80x80,BW,-,18.0,0.0,-,4.2,SUMINISTRO DE REDUCER TEE,,e.a
206,"CS5SA1-6""-ALV-1-5-011",1,"CS5SA1 TEE 6"" - -",CS5SA1,FT,TEE,2,"STRAIGHT TEE, SEAMLESS, CS, ASTM A234 Gr.WPB, ASME B16.9, IMPACT TEST AT 32°F ACCORDING TO PARA 423.2.3 OF ASME B31.4 FOR ACCEPTANCE CRITERIA, BW, SCH 80","6""",6.0,-,-,80,BW,-,19.3,0.0,-,4.2,SUMINISTRO DE TEE END ASME B16.9 BW,,e.a
207,"CS5SA1-6""-ALV-1-5-011",3,"CS5SA1 WNK 6"" - -",CS5SA1,FL,WNK,3,"WELD NECK FLANGE, CS, ASTM A105, ASME B16.5, CLASS 900, RF, SCH 80","6""",6.0,-,-,80,RF,900,48.57,0.0,-,4.2,,,e.a
208,"CS5SA1-6""-ALV-1-5-011",1,"CS5SA1 WNK 6"" - -",CS5SA1,FL,WNK,3,"WELD NECK FLANGE, CS, ASTM A105, ASME B16.5, CLASS 900, RF, SCH 80","6""",6.0,-,-,80,RF,900,48.57,0.0,-,4.2,,,e.a
